alloy_id,alloy_system,year,zinc,magnesium,aluminum,copper,silver,ultimate_tensile_strength,yield_strength,elongation,hardness,elastic_modulus,casting_method,annealing_temperature,aging_temperature,aging_time
Mg0.2_2022_001,Zn-Mg-Mn,2022,,0.2,,,,207.0,154.0,82.2,,,,,,
Mg0.2_2022_001,Zn-Mg-Mn,2022,,0.2,,,,207.0,154.0,82.2,,,,,,
Mg0.2_2022_001,Zn-Mg-Mn,2022,,0.2,,,,207.0,154.0,82.2,,,,,,
Mg0.2_2022_001,Zn-Mg-Mn,2022,,0.2,,,,207.0,154.0,82.2,,,,,,
Mg0.2_2022_001,Zn-Mg-Mn,2022,,0.2,,,,207.0,154.0,82.2,,,,,,
Mg0.2_2022_001,Zn-Mg-Mn,2022,,0.2,,,,207.0,154.0,82.2,,,,,,
Mg0.2_2022_001,Zn-Mg-Mn,2022,,0.2,,,,207.0,154.0,82.2,,,,,,
Mg0.2_2022_001,Zn-Mg-Mn,2022,,0.2,,,,207.0,154.0,82.2,,,,,,
Mg0.2_2022_001,Zn-Mg-Mn,2022,,0.2,,,,207.0,154.0,82.2,,,,,,
Mg0.2_2022_001,Zn-Mg-Mn,2022,,0.2,,,,207.0,154.0,82.2,,,,,,
Mg0.2_2022_001,Zn-Mg-Mn,2022,,0.2,,,,207.0,154.0,82.2,,,,,,
Mg0.2_2022_001,Zn-Mg-Mn,2022,,0.2,,,,207.0,154.0,82.2,,,,,,
Mg0.2_2022_001,Zn-Mg-Mn,2022,,0.2,,,,207.0,154.0,82.2,,,,,,
Mg0.2_2022_001,Zn-Mg-Mn,2022,,0.2,,,,207.0,154.0,82.2,,,,,,
Mg0.2_2022_001,Zn-Mg-Mn,2022,,0.2,,,,207.0,154.0,82.2,,,,,,
Mg0.2_2022_001,Zn-Mg-Mn,2022,,0.2,,,,207.0,154.0,82.2,,,,,,
Mg0.2_2022_001,Zn-Mg-Mn,2022,,0.2,,,,207.0,154.0,82.2,,,,,,
Mg0.2_2022_001,Zn-Mg-Mn,2022,,0.2,,,,207.0,154.0,82.2,,,,,,
Mg0.2_2022_001,Zn-Mg-Mn,2022,,0.2,,,,207.0,154.0,82.2,,,,,,
Mg0.2_2022_001,Zn-Mg-Mn,2022,,0.2,,,,207.0,154.0,82.2,,,,,,
Mg0.2_2022_001,Zn-Mg-Mn,2022,,0.2,,,,207.0,154.0,82.2,,,,,,
Mg0.2_2022_001,Zn-Mg-Mn,2022,,0.2,,,,207.0,154.0,82.2,,,,,,
Mg0.2_2022_001,Zn-Mg-Mn,2022,,0.2,,,,207.0,154.0,82.2,,,,,,
Mg0.2_2022_001,Zn-Mg-Mn,2022,,0.2,,,,207.0,154.0,82.2,,,,,,
Mg0.2_2022_001,Zn-Mg-Mn,2022,,0.2,,,,207.0,154.0,82.2,,,,,,
Mg0.2_2022_001,Zn-Mg-Mn,2022,,0.2,,,,207.0,154.0,82.2,,,,,,
Mg0.2_2022_001,Zn-Mg-Mn,2022,,0.2,,,,207.0,154.0,82.2,,,,,,
Mg1.0_None_001,Zn-Mg-RE,,,1.0,,,,,,,,,cast,,,
Mg1.0_None_001,Zn-Mg-RE,,,1.0,,,,,,,,,melted and cast,,,
Mg1.0_None_001,Zn-Mg-RE,,,1.0,,,,,,,,,melted and cast,,,
Mg1.0_None_001,Zn-Mg-RE,,,1.0,,,,,,,,,cast,,,
Mg1.0_None_001,Zn-Mg-RE,,,1.0,,,,,,,,,melted and cast,,,
Mg1.0_None_001,Zn-Mg-RE,,,1.0,,,,,,,,,melted and cast,,,
Mg1.0_None_001,Zn-Mg-RE,,,1.0,,,,,,,,,cast,,,
Mg1.0_None_001,Zn-Mg-RE,,,1.0,,,,,,,,,melted and cast,,,
Mg1.0_None_001,Zn-Mg-RE,,,1.0,,,,,,,,,melted and cast,,,
Mg1.0_None_001,Zn-Mg-RE,,,1.0,,,,,,,,,cast,,,
Mg1.0_None_001,Zn-Mg-RE,,,1.0,,,,,,,,,melted and cast,,,
Mg1.0_None_001,Zn-Mg-RE,,,1.0,,,,,,,,,melted and cast,,,
Mg1.0_None_001,Zn-Mg-RE,,,1.0,,,,,,,,,cast,,,
Mg1.0_None_001,Zn-Mg-RE,,,1.0,,,,,,,,,melted and cast,,,
Mg1.0_None_001,Zn-Mg-RE,,,1.0,,,,,,,,,melted and cast,,,
Mg1.0_None_001,Zn-Mg-RE,,,1.0,,,,,,,,,cast,,,
Mg1.0_None_001,Zn-Mg-RE,,,1.0,,,,,,,,,melted and cast,,,
Mg1.0_None_001,Zn-Mg-RE,,,1.0,,,,,,,,,melted and cast,,,
Mg1.0_None_001,Zn-Mg-RE,,,1.0,,,,,,,,,cast,,,
Mg1.0_None_001,Zn-Mg-RE,,,1.0,,,,,,,,,melted and cast,,,
Mg1.0_None_001,Zn-Mg-RE,,,1.0,,,,,,,,,melted and cast,,,
Mg1.0_None_001,Zn-Mg-RE,,,1.0,,,,,,,,,cast,,,
Mg1.0_None_001,Zn-Mg-RE,,,1.0,,,,,,,,,melted and cast,,,
Mg1.0_None_001,Zn-Mg-RE,,,1.0,,,,,,,,,melted and cast,,,
Mg1.0_None_001,Zn-Mg-RE,,,1.0,,,,,,,,,cast,,,
Mg1.0_None_001,Zn-Mg-RE,,,1.0,,,,,,,,,melted and cast,,,
Mg1.0_None_001,Zn-Mg-RE,,,1.0,,,,,,,,,melted and cast,,,
ZnMg0.1Mn0.02_rolled_001,Zn-Mg-Mn,,99.88,0.1,,,,397.7,,15.9,,,,,,
ZnMg0.1Mn0.02_rolled_001,Zn-Mg-Mn,,99.88,0.1,,,,397.7,,15.9,,,,,,
ZnMg0.1Mn0.02_rolled_001,Zn-Mg-Mn,,99.88,0.1,,,,397.7,,15.9,,,,,,
ZnMg0.1Mn0.02_rolled_001,Zn-Mg-Mn,,99.88,0.1,,,,397.7,,15.9,,,,,,
ZnMg0.1Mn0.02_rolled_001,Zn-Mg-Mn,,99.88,0.1,,,,397.7,,15.9,,,,,,
ZnMg0.1Mn0.02_rolled_001,Zn-Mg-Mn,,99.88,0.1,,,,397.7,,15.9,,,,,,
ZnMg0.1Mn0.02_rolled_001,Zn-Mg-Mn,,99.88,0.1,,,,397.7,,15.9,,,,,,
ZnMg0.1Mn0.02_rolled_001,Zn-Mg-Mn,,99.88,0.1,,,,397.7,,15.9,,,,,,
ZnMg0.1Mn0.02_rolled_001,Zn-Mg-Mn,,99.88,0.1,,,,397.7,,15.9,,,,,,
ZnMg0.1Mn0.02_rolled_001,Zn-Mg-Mn,,99.88,0.1,,,,397.7,,15.9,,,,,,
ZnMg0.1Mn0.02_rolled_001,Zn-Mg-Mn,,99.88,0.1,,,,397.7,,15.9,,,,,,
ZnMg0.1Mn0.02_rolled_001,Zn-Mg-Mn,,99.88,0.1,,,,397.7,,15.9,,,,,,
ZnMg0.1Mn0.02_rolled_001,Zn-Mg-Mn,,99.88,0.1,,,,397.7,,15.9,,,,,,
ZnMg0.1Mn0.02_rolled_001,Zn-Mg-Mn,,99.88,0.1,,,,397.7,,15.9,,,,,,
ZnMg0.1Mn0.02_rolled_001,Zn-Mg-Mn,,99.88,0.1,,,,397.7,,15.9,,,,,,
ZnMg0.1Mn0.02_rolled_001,Zn-Mg-Mn,,99.88,0.1,,,,397.7,,15.9,,,,,,
ZnMg0.1Mn0.02_rolled_001,Zn-Mg-Mn,,99.88,0.1,,,,397.7,,15.9,,,,,,
ZnMg0.1Mn0.02_rolled_001,Zn-Mg-Mn,,99.88,0.1,,,,397.7,,15.9,,,,,,
ZnMg0.1Mn0.02_rolled_001,Zn-Mg-Mn,,99.88,0.1,,,,397.7,,15.9,,,,,,
ZnMg0.1Mn0.02_rolled_001,Zn-Mg-Mn,,99.88,0.1,,,,397.7,,15.9,,,,,,
ZnMg0.1Mn0.02_rolled_001,Zn-Mg-Mn,,99.88,0.1,,,,397.7,,15.9,,,,,,
ZnMg0.1Mn0.02_rolled_001,Zn-Mg-Mn,,99.88,0.1,,,,397.7,,15.9,,,,,,
ZnMg0.1Mn0.02_rolled_001,Zn-Mg-Mn,,99.88,0.1,,,,397.7,,15.9,,,,,,
ZnMg0.1Mn0.02_rolled_001,Zn-Mg-Mn,,99.88,0.1,,,,397.7,,15.9,,,,,,
ZnMg0.1Mn0.02_rolled_001,Zn-Mg-Mn,,99.88,0.1,,,,397.7,,15.9,,,,,,
ZnMg0.1Mn0.02_rolled_001,Zn-Mg-Mn,,99.88,0.1,,,,397.7,,15.9,,,,,,
ZnMg0.1Mn0.02_rolled_001,Zn-Mg-Mn,,99.88,0.1,,,,397.7,,15.9,,,,,,
Alloy_2020_001,Mg-Zn-La,2020,,,,,,,,,,,,,,
Mg-Zn-Gd-Zr_001,Mg-Zn-Gd-Zr,,,,,,,,,,,,casting,,,
Mg1.0_2024_001,Zn-Mg-RE,2024,,1.0,,,,,,,,,melted and cast,,,
Zn1Mg0.1RE_001,Zn-Mg-RE,,,1.0,,,,,,,,,melted and cast,,,
Zn-4Cu-0.02Li_001,Zn-Cu-Li,2021,,,,4.0,,,,,,,,,,
Zn-4Cu-0.02Li_001,Zn-Cu-Li,2021,,,,4.0,,,,,,,,,,
Zn-4Cu-0.02Li_001,Zn-Cu-Li,2021,,,,4.0,,,,,,,,,,
Zn-4Cu-0.02Li_001,Zn-Cu-Li,2021,,,,4.0,,,,,,,,,,
Zn-4Cu-0.02Li_001,Zn-Cu-Li,2021,,,,4.0,,,,,,,,,,
Zn-4Cu-0.02Li_001,Zn-Cu-Li,2021,,,,4.0,,,,,,,,,,
Zn-4Cu-0.02Li_001,Zn-Cu-Li,2021,,,,4.0,,,,,,,,,,
Zn-4Cu-0.02Li_001,Zn-Cu-Li,2021,,,,4.0,,,,,,,,,,
Zn-4Cu-0.02Li_001,Zn-Cu-Li,2021,,,,4.0,,,,,,,,,,
Zn-4Cu-0.02Li_001,Zn-Cu-Li,2021,,,,4.0,,,,,,,,,,
Zn-4Cu-0.02Li_001,Zn-Cu-Li,2021,,,,4.0,,,,,,,,,,
Zn-4Cu-0.02Li_001,Zn-Cu-Li,2021,,,,4.0,,,,,,,,,,
Zn-4Cu-0.02Li_001,Zn-Cu-Li,2021,,,,4.0,,,,,,,,,,
Zn-4Cu-0.02Li_001,Zn-Cu-Li,2021,,,,4.0,,,,,,,,,,
Zn-4Cu-0.02Li_001,Zn-Cu-Li,2021,,,,4.0,,,,,,,,,,
Zn-4Cu-0.02Li_001,Zn-Cu-Li,2021,,,,4.0,,,,,,,,,,
Zn-4Cu-0.02Li_001,Zn-Cu-Li,2021,,,,4.0,,,,,,,,,,
Zn-4Cu-0.02Li_001,Zn-Cu-Li,2021,,,,4.0,,,,,,,,,,
Zn-4Cu-0.02Li_001,Zn-Cu-Li,2021,,,,4.0,,,,,,,,,,
Zn-4Cu-0.02Li_001,Zn-Cu-Li,2021,,,,4.0,,,,,,,,,,
Zn-4Cu-0.02Li_001,Zn-Cu-Li,2021,,,,4.0,,,,,,,,,,
Zn-4Cu-0.02Li_001,Zn-Cu-Li,2021,,,,4.0,,,,,,,,,,
Zn-4Cu-0.02Li_001,Zn-Cu-Li,2021,,,,4.0,,,,,,,,,,
Zn-4Cu-0.02Li_001,Zn-Cu-Li,2021,,,,4.0,,,,,,,,,,
Zn-4Cu-0.02Li_001,Zn-Cu-Li,2021,,,,4.0,,,,,,,,,,
Zn-4Cu-0.02Li_001,Zn-Cu-Li,2021,,,,4.0,,,,,,,,,,
Zn-4Cu-0.02Li_001,Zn-Cu-Li,2021,,,,4.0,,,,,,,,,,
Zn-4Cu-0.02Li_001,Zn-Cu-Li,2021,,,,4.0,,,,,,,,,,
Zn-4Cu-0.02Li_001,Zn-Cu-Li,2021,,,,4.0,,,,,,,,,,
Zn-4Cu-0.02Li_001,Zn-Cu-Li,2021,,,,4.0,,,,,,,,,,
Zn-4Cu-0.02Li_001,Zn-Cu-Li,2021,,,,4.0,,,,,,,,,,
Zn-4Cu-0.02Li_001,Zn-Cu-Li,2021,,,,4.0,,,,,,,,,,
Zn-4Cu-0.02Li_001,Zn-Cu-Li,2021,,,,4.0,,,,,,,,,,
Zn-4Cu-0.02Li_001,Zn-Cu-Li,2021,,,,4.0,,,,,,,,,,
Zn-4Cu-0.02Li_001,Zn-Cu-Li,2021,,,,4.0,,,,,,,,,,
Zn-4Cu-0.02Li_001,Zn-Cu-Li,2021,,,,4.0,,,,,,,,,,
Zn-4Cu-0.02Li_001,Zn-Cu-Li,2021,,,,4.0,,,,,,,,,,
Zn-4Cu-0.02Li_001,Zn-Cu-Li,2021,,,,4.0,,,,,,,,,,
Zn-4Cu-0.02Li_001,Zn-Cu-Li,2021,,,,4.0,,,,,,,,,,
Zn-4Cu-0.02Li_001,Zn-Cu-Li,2021,,,,4.0,,,,,,,,,,
Zn-4Cu-0.02Li_001,Zn-Cu-Li,2021,,,,4.0,,,,,,,,,,
Zn-4Cu-0.02Li_001,Zn-Cu-Li,2021,,,,4.0,,,,,,,,,,
Zn-4Cu-0.02Li_001,Zn-Cu-Li,2021,,,,4.0,,,,,,,,,,
Zn-4Cu-0.02Li_001,Zn-Cu-Li,2021,,,,4.0,,,,,,,,,,
Zn-4Cu-0.02Li_001,Zn-Cu-Li,2021,,,,4.0,,,,,,,,,,
Zn-4Cu-0.02Li_001,Zn-Cu-Li,2021,,,,4.0,,,,,,,,,,
Zn-4Cu-0.02Li_001,Zn-Cu-Li,2021,,,,4.0,,,,,,,,,,
Zn-4Cu-0.02Li_001,Zn-Cu-Li,2021,,,,4.0,,,,,,,,,,
Zn-4Cu-0.02Li_001,Zn-Cu-Li,2021,,,,4.0,,,,,,,,,,
Zn-4Cu-0.02Li_001,Zn-Cu-Li,2021,,,,4.0,,,,,,,,,,
Zn-4Cu-0.02Li_001,Zn-Cu-Li,2021,,,,4.0,,,,,,,,,,
Zn-4Cu-0.02Li_001,Zn-Cu-Li,2021,,,,4.0,,,,,,,,,,
Zn-4Cu-0.02Li_001,Zn-Cu-Li,2021,,,,4.0,,,,,,,,,,
Zn-4Cu-0.02Li_001,Zn-Cu-Li,2021,,,,4.0,,,,,,,,,,
Zn-4Cu-0.02Li_001,Zn-Cu-Li,2021,,,,4.0,,,,,,,,,,
Zn-4Cu-0.02Li_001,Zn-Cu-Li,2021,,,,4.0,,,,,,,,,,
Zn-4Cu-0.02Li_001,Zn-Cu-Li,2021,,,,4.0,,,,,,,,,,
Zn-4Cu-0.02Li_001,Zn-Cu-Li,2021,,,,4.0,,,,,,,,,,
Zn-4Cu-0.02Li_001,Zn-Cu-Li,2021,,,,4.0,,,,,,,,,,
Zn-4Cu-0.02Li_001,Zn-Cu-Li,2021,,,,4.0,,,,,,,,,,
Zn-4Cu-0.02Li_001,Zn-Cu-Li,2021,,,,4.0,,,,,,,,,,
Zn-4Cu-0.02Li_001,Zn-Cu-Li,2021,,,,4.0,,,,,,,,,,
Zn-4Cu-0.02Li_001,Zn-Cu-Li,2021,,,,4.0,,,,,,,,,,
Zn-4Cu-0.02Li_001,Zn-Cu-Li,2021,,,,4.0,,,,,,,,,,
ZnCa0.5-3_001,Zn-Ca,2018,,,,,,,,,90.94,,,,,
ZnCa0.5-3_001,Zn-Ca,2018,,,,,,,,,90.94,,,,,
ZnCa0.5-3_001,Zn-Ca,2018,,,,,,,,,90.94,,,,,
ZnCa0.5-3_001,Zn-Ca,2018,,,,,,,,,90.94,,,,,
ZnCa2_001,Zn-Ca,2018,,,,,,,,,90.94,,,,,
ZnCa2_001,Zn-Ca,2018,,,,,,,,,90.94,,,,,
ZnCa2_001,Zn-Ca,2018,,,,,,,,,90.94,,,,,
ZnCa2_001,Zn-Ca,2018,,,,,,,,,90.94,,,,,
ZnCa2_001,Zn-Ca,2018,,,,,,,,,90.94,,,,,
ZnCa2_001,Zn-Ca,2018,,,,,,,,,90.94,,,,,
ZnCa2_001,Zn-Ca,2018,,,,,,,,,90.94,,,,,
ZnCa2_001,Zn-Ca,2018,,,,,,,,,90.94,,,,,
ZnCa2_001,Zn-Ca,2018,,,,,,,,,90.94,,,,,
ZnCa2_001,Zn-Ca,2018,,,,,,,,,90.94,,,,,
ZnCa2_001,Zn-Ca,2018,,,,,,,,,90.94,,,,,
ZnCa2_001,Zn-Ca,2018,,,,,,,,,90.94,,,,,
ZnCa2_001,Zn-Ca,2018,,,,,,,,,90.94,,,,,
ZnCa2_001,Zn-Ca,2018,,,,,,,,,90.94,,,,,
ZnCa2_001,Zn-Ca,2018,,,,,,,,,90.94,,,,,
ZnCa2_001,Zn-Ca,2018,,,,,,,,,90.94,,,,,
ZnCa2_001,Zn-Ca,2018,,,,,,,,,90.94,,,,,
ZnCa2_001,Zn-Ca,2018,,,,,,,,,90.94,,,,,
Zn15Al_001,Zn-Al,,85.0,,15.0,,,,,,,,,275.0,,
Zn15Al_001,Zn-Al,,85.0,,15.0,,,,,,,,,275.0,,
Zn15Al_001,Zn-Al,,85.0,,15.0,,,,,,,,,275.0,,
Zn15Al_001,Zn-Al,,85.0,,15.0,,,,,,,,,275.0,,
Zn15Al_001,Zn-Al,,85.0,,15.0,,,,,,,,,275.0,,
Zn15Al_001,Zn-Al,,85.0,,15.0,,,,,,,,,275.0,,
Zn15Al_001,Zn-Al,,85.0,,15.0,,,,,,,,,275.0,,
Zn15Al_001,Zn-Al,,85.0,,15.0,,,,,,,,,275.0,,
Zn15Al_001,Zn-Al,,85.0,,15.0,,,,,,,,,275.0,,
Zn15Al_001,Zn-Al,,85.0,,15.0,,,,,,,,,275.0,,
Zn15Al_001,Zn-Al,,85.0,,15.0,,,,,,,,,275.0,,
Zn15Al_001,Zn-Al,,85.0,,15.0,,,,,,,,,275.0,,
Zn15Al_001,Zn-Al,,85.0,,15.0,,,,,,,,,275.0,,
Zn15Al_001,Zn-Al,,85.0,,15.0,,,,,,,,,275.0,,
Zn15Al_001,Zn-Al,,85.0,,15.0,,,,,,,,,275.0,,
Zn15Al_001,Zn-Al,,85.0,,15.0,,,,,,,,,275.0,,
Zn15Al_001,Zn-Al,,85.0,,15.0,,,,,,,,,275.0,,
Zn15Al_001,Zn-Al,,85.0,,15.0,,,,,,,,,275.0,,
Zn15Al_001,Zn-Al,,85.0,,15.0,,,,,,,,,275.0,,
Zn15Al_001,Zn-Al,,85.0,,15.0,,,,,,,,,275.0,,
Zn15Al_001,Zn-Al,,85.0,,15.0,,,,,,,,,275.0,,
Zn15Al_001,Zn-Al,,85.0,,15.0,,,,,,,,,275.0,,
Zn15Al_001,Zn-Al,,85.0,,15.0,,,,,,,,,275.0,,
Zn15Al_001,Zn-Al,,85.0,,15.0,,,,,,,,,275.0,,
Zn15Al_001,Zn-Al,,85.0,,15.0,,,,,,,,,275.0,,
Zn15Al_001,Zn-Al,,85.0,,15.0,,,,,,,,,275.0,,
Zn15Al_001,Zn-Al,,85.0,,15.0,,,,,,,,,275.0,,
Zn15Al_001,Zn-Al,,85.0,,15.0,,,,,,,,,275.0,,
Zn15Al_001,Zn-Al,,85.0,,15.0,,,,,,,,,275.0,,
Zn15Al_001,Zn-Al,,85.0,,15.0,,,,,,,,,275.0,,
Zn15Al_001,Zn-Al,,85.0,,15.0,,,,,,,,,275.0,,
Zn15Al_001,Zn-Al,,85.0,,15.0,,,,,,,,,275.0,,
Zn15Al_001,Zn-Al,,85.0,,15.0,,,,,,,,,275.0,,
Zn15Al_001,Zn-Al,,85.0,,15.0,,,,,,,,,275.0,,
Zn15Al_001,Zn-Al,,85.0,,15.0,,,,,,,,,275.0,,
Zn15Al_001,Zn-Al,,85.0,,15.0,,,,,,,,,275.0,,
Zn15Al_001,Zn-Al,,85.0,,15.0,,,,,,,,,275.0,,
Zn15Al_001,Zn-Al,,85.0,,15.0,,,,,,,,,275.0,,
Zn15Al_001,Zn-Al,,85.0,,15.0,,,,,,,,,275.0,,
Zn15Al_001,Zn-Al,,85.0,,15.0,,,,,,,,,275.0,,
Zn15Al_001,Zn-Al,,85.0,,15.0,,,,,,,,,275.0,,
Zn15Al_001,Zn-Al,,85.0,,15.0,,,,,,,,,275.0,,
Zn15Al_001,Zn-Al,,85.0,,15.0,,,,,,,,,275.0,,
Zn15Al_001,Zn-Al,,85.0,,15.0,,,,,,,,,275.0,,
Zn15Al_001,Zn-Al,,85.0,,15.0,,,,,,,,,275.0,,
Zn15Al_001,Zn-Al,,85.0,,15.0,,,,,,,,,275.0,,
Zn15Al_001,Zn-Al,,85.0,,15.0,,,,,,,,,275.0,,
Zn15Al_001,Zn-Al,,85.0,,15.0,,,,,,,,,275.0,,
Zn15Al_001,Zn-Al,,85.0,,15.0,,,,,,,,,275.0,,
Zn15Al_001,Zn-Al,,85.0,,15.0,,,,,,,,,275.0,,
Zn15Al_001,Zn-Al,,85.0,,15.0,,,,,,,,,275.0,,
Zn15Al_001,Zn-Al,,85.0,,15.0,,,,,,,,,275.0,,
Zn15Al_001,Zn-Al,,85.0,,15.0,,,,,,,,,275.0,,
Zn15Al_001,Zn-Al,,85.0,,15.0,,,,,,,,,275.0,,
Zn15Al_001,Zn-Al,,85.0,,15.0,,,,,,,,,275.0,,
Zn15Al_001,Zn-Al,,85.0,,15.0,,,,,,,,,275.0,,
Zn15Al_001,Zn-Al,,85.0,,15.0,,,,,,,,,275.0,,
Zn15Al_001,Zn-Al,,85.0,,15.0,,,,,,,,,275.0,,
Zn15Al_001,Zn-Al,,85.0,,15.0,,,,,,,,,275.0,,
Zn15Al_001,Zn-Al,,85.0,,15.0,,,,,,,,,275.0,,
Zn15Al_001,Zn-Al,,85.0,,15.0,,,,,,,,,275.0,,
Zn15Al_001,Zn-Al,,85.0,,15.0,,,,,,,,,275.0,,
Zn15Al_001,Zn-Al,,85.0,,15.0,,,,,,,,,275.0,,
Zn15Al_001,Zn-Al,,85.0,,15.0,,,,,,,,,275.0,,
Zn15Al_001,Zn-Al,,85.0,,15.0,,,,,,,,,275.0,,
Zn15Al_001,Zn-Al,,85.0,,15.0,,,,,,,,,275.0,,
Zn15Al_001,Zn-Al,,85.0,,15.0,,,,,,,,,275.0,,
Zn15Al_001,Zn-Al,,85.0,,15.0,,,,,,,,,275.0,,
Zn15Al_001,Zn-Al,,85.0,,15.0,,,,,,,,,275.0,,
Zn15Al_001,Zn-Al,,85.0,,15.0,,,,,,,,,275.0,,
Zn15Al_001,Zn-Al,,85.0,,15.0,,,,,,,,,275.0,,
Zn15Al_001,Zn-Al,,85.0,,15.0,,,,,,,,,275.0,,
Zn15Al_001,Zn-Al,,85.0,,15.0,,,,,,,,,275.0,,
Zn15Al_001,Zn-Al,,85.0,,15.0,,,,,,,,,275.0,,
Zn15Al_001,Zn-Al,,85.0,,15.0,,,,,,,,,275.0,,
Zn15Al_001,Zn-Al,,85.0,,15.0,,,,,,,,,275.0,,
Zn15Al_001,Zn-Al,,85.0,,15.0,,,,,,,,,275.0,,
Zn15Al_001,Zn-Al,,85.0,,15.0,,,,,,,,,275.0,,
Zn15Al_001,Zn-Al,,85.0,,15.0,,,,,,,,,275.0,,
Zn15Al_001,Zn-Al,,85.0,,15.0,,,,,,,,,275.0,,
Zn15Al_001,Zn-Al,,85.0,,15.0,,,,,,,,,275.0,,
Zn15Al_001,Zn-Al,,85.0,,15.0,,,,,,,,,275.0,,
Zn15Al_001,Zn-Al,,85.0,,15.0,,,,,,,,,275.0,,
Zn15Al_001,Zn-Al,,85.0,,15.0,,,,,,,,,275.0,,
Zn15Al_001,Zn-Al,,85.0,,15.0,,,,,,,,,275.0,,
Zn15Al_001,Zn-Al,,85.0,,15.0,,,,,,,,,275.0,,
Zn15Al_001,Zn-Al,,85.0,,15.0,,,,,,,,,275.0,,
Zn15Al_001,Zn-Al,,85.0,,15.0,,,,,,,,,275.0,,
Zn15Al_001,Zn-Al,,85.0,,15.0,,,,,,,,,275.0,,
Zn15Al_001,Zn-Al,,85.0,,15.0,,,,,,,,,275.0,,
Zn15Al_001,Zn-Al,,85.0,,15.0,,,,,,,,,275.0,,
Zn15Al_001,Zn-Al,,85.0,,15.0,,,,,,,,,275.0,,
Zn15Al_001,Zn-Al,,85.0,,15.0,,,,,,,,,275.0,,
Zn15Al_001,Zn-Al,,85.0,,15.0,,,,,,,,,275.0,,
Zn15Al_001,Zn-Al,,85.0,,15.0,,,,,,,,,275.0,,
Zn15Al_001,Zn-Al,,85.0,,15.0,,,,,,,,,275.0,,
Zn15Al_001,Zn-Al,,85.0,,15.0,,,,,,,,,275.0,,
Zn15Al_001,Zn-Al,,85.0,,15.0,,,,,,,,,275.0,,
Zn15Al_001,Zn-Al,,85.0,,15.0,,,,,,,,,275.0,,
Zn15Al_001,Zn-Al,,85.0,,15.0,,,,,,,,,275.0,,
Zn15Al_001,Zn-Al,,85.0,,15.0,,,,,,,,,275.0,,
Zn15Al_001,Zn-Al,,85.0,,15.0,,,,,,,,,275.0,,
Zn15Al_001,Zn-Al,,85.0,,15.0,,,,,,,,,275.0,,
Zn15Al_001,Zn-Al,,85.0,,15.0,,,,,,,,,275.0,,
Zn15Al_001,Zn-Al,,85.0,,15.0,,,,,,,,,275.0,,
Zn15Al_001,Zn-Al,,85.0,,15.0,,,,,,,,,275.0,,
Zn15Al_001,Zn-Al,,85.0,,15.0,,,,,,,,,275.0,,
Zn15Al_001,Zn-Al,,85.0,,15.0,,,,,,,,,275.0,,
Zn15Al_001,Zn-Al,,85.0,,15.0,,,,,,,,,275.0,,
Zn15Al_001,Zn-Al,,85.0,,15.0,,,,,,,,,275.0,,
Zn15Al_001,Zn-Al,,85.0,,15.0,,,,,,,,,275.0,,
Zn15Al_001,Zn-Al,,85.0,,15.0,,,,,,,,,275.0,,
Zn15Al_001,Zn-Al,,85.0,,15.0,,,,,,,,,275.0,,
Zn15Al_001,Zn-Al,,85.0,,15.0,,,,,,,,,275.0,,
Zn15Al_001,Zn-Al,,85.0,,15.0,,,,,,,,,275.0,,
Zn15Al_001,Zn-Al,,85.0,,15.0,,,,,,,,,275.0,,
Zn15Al_001,Zn-Al,,85.0,,15.0,,,,,,,,,275.0,,
Zn15Al_001,Zn-Al,,85.0,,15.0,,,,,,,,,275.0,,
Zn15Al_001,Zn-Al,,85.0,,15.0,,,,,,,,,275.0,,
Zn15Al_001,Zn-Al,,85.0,,15.0,,,,,,,,,275.0,,
Zn15Al_001,Zn-Al,,85.0,,15.0,,,,,,,,,275.0,,
Zn15Al_001,Zn-Al,,85.0,,15.0,,,,,,,,,275.0,,
Zn15Al_001,Zn-Al,,85.0,,15.0,,,,,,,,,275.0,,
Zn15Al_001,Zn-Al,,85.0,,15.0,,,,,,,,,275.0,,
Zn15Al_001,Zn-Al,,85.0,,15.0,,,,,,,,,275.0,,
Zn-2Cu-0.8Mg-0.2Gd_001,Zn-Cu-Mg-Gd,,,0.8,,2.0,,394.0,,1.1,,,,,,
Zn-2Cu-0.8Mg-0.2Gd_001,Zn-Cu-Mg-Gd,,,0.8,,2.0,,394.0,,1.1,145.0,,,,,
Zn-2Cu-0.8Mg-0.2Gd_001,Zn-Cu-Mg-Gd,,,0.8,,2.0,,394.0,,1.1,,,,,,
Zn-2Cu-0.8Mg-0.2Gd_001,Zn-Cu-Mg-Gd,,,0.8,,2.0,,394.0,,1.1,145.0,,,,,
ZnCa0.5_001,Zn-Ca,2018,,,,,,,,,90.94,,,,,
ZnCa0.5_001,Zn-Ca,2018,,,,,,,,,90.94,,,,,
ZnCa0.5_001,Zn-Ca,2018,,,,,,,,,90.94,,,,,
ZnCa0.5_001,Zn-Ca,2018,,,,,,,,,90.94,,,,,
ZnCa0.5_001,Zn-Ca,2018,,,,,,,,,90.94,,,,,
ZnCa0.5_001,Zn-Ca,2018,,,,,,,,,90.94,,,,,
ZnCa0.5_001,Zn-Ca,2018,,,,,,,,,90.94,,,,,
ZnCa0.5_001,Zn-Ca,2018,,,,,,,,,90.94,,,,,
ZnCa0.5_001,Zn-Ca,2018,,,,,,,,,90.94,,,,,
ZnCa0.5_001,Zn-Ca,2018,,,,,,,,,90.94,,,,,
ZnCa0.5_001,Zn-Ca,2018,,,,,,,,,90.94,,,,,
ZnCa0.5_001,Zn-Ca,2018,,,,,,,,,90.94,,,,,
ZnCa0.5_001,Zn-Ca,2018,,,,,,,,,90.94,,,,,
ZnCa0.5_001,Zn-Ca,2018,,,,,,,,,90.94,,,,,
ZnCa0.5_001,Zn-Ca,2018,,,,,,,,,90.94,,,,,
ZnCa0.5_001,Zn-Ca,2018,,,,,,,,,90.94,,,,,
ZnCa0.5_001,Zn-Ca,2018,,,,,,,,,90.94,,,,,
ZnCa0.5_001,Zn-Ca,2018,,,,,,,,,90.94,,,,,
ZnCa0.5_001,Zn-Ca,2018,,,,,,,,,90.94,,,,,
ZnCa0.5_001,Zn-Ca,2018,,,,,,,,,90.94,,,,,
ZnCa0.5_001,Zn-Ca,2018,,,,,,,,,90.94,,,,,
ZnCa0.5_001,Zn-Ca,2018,,,,,,,,,90.94,,,,,
ZnCa0.5_001,Zn-Ca,2018,,,,,,,,,90.94,,,,,
ZnCa0.5_001,Zn-Ca,2018,,,,,,,,,90.94,,,,,
ZnCa0.5_001,Zn-Ca,2018,,,,,,,,,90.94,,,,,
ZnCa0.5_001,Zn-Ca,2018,,,,,,,,,90.94,,,,,
ZnCa0.5_001,Zn-Ca,2018,,,,,,,,,90.94,,,,,
ZnCa0.5_001,Zn-Ca,2018,,,,,,,,,90.94,,,,,
ZnCa0.5_001,Zn-Ca,2018,,,,,,,,,90.94,,,,,
ZnCa0.5_001,Zn-Ca,2018,,,,,,,,,90.94,,,,,
ZnCa0.5_001,Zn-Ca,2018,,,,,,,,,90.94,,,,,
ZnCa0.5_001,Zn-Ca,2018,,,,,,,,,90.94,,,,,
ZnCa0.5_001,Zn-Ca,2018,,,,,,,,,90.94,,,,,
ZnCa0.5_001,Zn-Ca,2018,,,,,,,,,90.94,,,,,
ZnCa0.5_001,Zn-Ca,2018,,,,,,,,,90.94,,,,,
ZnCa0.5_001,Zn-Ca,2018,,,,,,,,,90.94,,,,,
ZnCa0.5_001,Zn-Ca,2018,,,,,,,,,90.94,,,,,
ZnCa0.5_001,Zn-Ca,2018,,,,,,,,,90.94,,,,,
ZnCa0.5_001,Zn-Ca,2018,,,,,,,,,90.94,,,,,
ZnCa0.5_001,Zn-Ca,2018,,,,,,,,,90.94,,,,,
ZnCa0.5_001,Zn-Ca,2018,,,,,,,,,90.94,,,,,
ZnCa0.5_001,Zn-Ca,2018,,,,,,,,,90.94,,,,,
ZnCa0.5_001,Zn-Ca,2018,,,,,,,,,90.94,,,,,
ZnCa0.5_001,Zn-Ca,2018,,,,,,,,,90.94,,,,,
ZnCa0.5_001,Zn-Ca,2018,,,,,,,,,90.94,,,,,
ZnCa0.5_001,Zn-Ca,2018,,,,,,,,,90.94,,,,,
ZnCa0.5_001,Zn-Ca,2018,,,,,,,,,90.94,,,,,
ZnCa0.5_001,Zn-Ca,2018,,,,,,,,,90.94,,,,,
ZnCa0.5_001,Zn-Ca,2018,,,,,,,,,90.94,,,,,
ZnCa0.5_001,Zn-Ca,2018,,,,,,,,,90.94,,,,,
ZnCa0.5_001,Zn-Ca,2018,,,,,,,,,90.94,,,,,
ZnCa0.5_001,Zn-Ca,2018,,,,,,,,,90.94,,,,,
ZnCa0.5_001,Zn-Ca,2018,,,,,,,,,90.94,,,,,
ZnCa0.5_001,Zn-Ca,2018,,,,,,,,,90.94,,,,,
ZnCa0.5_001,Zn-Ca,2018,,,,,,,,,90.94,,,,,
ZnCa0.5_001,Zn-Ca,2018,,,,,,,,,90.94,,,,,
ZnCa0.5_001,Zn-Ca,2018,,,,,,,,,90.94,,,,,
ZnCa0.5_001,Zn-Ca,2018,,,,,,,,,90.94,,,,,
ZnCa0.5_001,Zn-Ca,2018,,,,,,,,,90.94,,,,,
ZnCa0.5_001,Zn-Ca,2018,,,,,,,,,90.94,,,,,
ZnCa0.5_001,Zn-Ca,2018,,,,,,,,,90.94,,,,,
ZnCa0.5_001,Zn-Ca,2018,,,,,,,,,90.94,,,,,
ZnCa0.5_001,Zn-Ca,2018,,,,,,,,,90.94,,,,,
ZnCa0.5_001,Zn-Ca,2018,,,,,,,,,90.94,,,,,
ZnCa0.5_001,Zn-Ca,2018,,,,,,,,,90.94,,,,,
ZnCa0.5_001,Zn-Ca,2018,,,,,,,,,90.94,,,,,
ZnCa0.5_001,Zn-Ca,2018,,,,,,,,,90.94,,,,,
ZnCa0.5_001,Zn-Ca,2018,,,,,,,,,90.94,,,,,
ZnCa0.5_001,Zn-Ca,2018,,,,,,,,,90.94,,,,,
ZnCa0.5_001,Zn-Ca,2018,,,,,,,,,90.94,,,,,
ZnCa0.5_001,Zn-Ca,2018,,,,,,,,,90.94,,,,,
ZnCa0.5_001,Zn-Ca,2018,,,,,,,,,90.94,,,,,
ZnCa0.5_001,Zn-Ca,2018,,,,,,,,,90.94,,,,,
ZnCa0.5_001,Zn-Ca,2018,,,,,,,,,90.94,,,,,
ZnCa0.5_001,Zn-Ca,2018,,,,,,,,,90.94,,,,,
ZnCa0.5_001,Zn-Ca,2018,,,,,,,,,90.94,,,,,
ZnCa0.5_001,Zn-Ca,2018,,,,,,,,,90.94,,,,,
ZnCa0.5_001,Zn-Ca,2018,,,,,,,,,90.94,,,,,
ZnCa0.5_001,Zn-Ca,2018,,,,,,,,,90.94,,,,,
ZnCa0.5_001,Zn-Ca,2018,,,,,,,,,90.94,,,,,
ZnCa0.5_001,Zn-Ca,2018,,,,,,,,,90.94,,,,,
ZnCa0.5_001,Zn-Ca,2018,,,,,,,,,90.94,,,,,
ZnCa0.5_001,Zn-Ca,2018,,,,,,,,,90.94,,,,,
ZnCa0.5_001,Zn-Ca,2018,,,,,,,,,90.94,,,,,
ZnCa0.5_001,Zn-Ca,2018,,,,,,,,,90.94,,,,,
ZnCa0.5_001,Zn-Ca,2018,,,,,,,,,90.94,,,,,
ZnCa0.5_001,Zn-Ca,2018,,,,,,,,,90.94,,,,,
ZnCa0.5_001,Zn-Ca,2018,,,,,,,,,90.94,,,,,
ZnCa0.5_001,Zn-Ca,2018,,,,,,,,,90.94,,,,,
ZnCa0.5_001,Zn-Ca,2018,,,,,,,,,90.94,,,,,
ZnCa0.5_001,Zn-Ca,2018,,,,,,,,,90.94,,,,,
ZnCa0.5_001,Zn-Ca,2018,,,,,,,,,90.94,,,,,
ZnCa0.5_001,Zn-Ca,2018,,,,,,,,,90.94,,,,,
ZnCa0.5_001,Zn-Ca,2018,,,,,,,,,90.94,,,,,
ZnCa0.5_001,Zn-Ca,2018,,,,,,,,,90.94,,,,,
ZnCa0.5_001,Zn-Ca,2018,,,,,,,,,90.94,,,,,
ZnCa0.5_001,Zn-Ca,2018,,,,,,,,,90.94,,,,,
ZnCa0.5_001,Zn-Ca,2018,,,,,,,,,90.94,,,,,
ZnCa0.5_001,Zn-Ca,2018,,,,,,,,,90.94,,,,,
ZnCa0.5_001,Zn-Ca,2018,,,,,,,,,90.94,,,,,
ZnCa0.5_001,Zn-Ca,2018,,,,,,,,,90.94,,,,,
ZnCa0.5_001,Zn-Ca,2018,,,,,,,,,90.94,,,,,
ZnCa0.5_001,Zn-Ca,2018,,,,,,,,,90.94,,,,,
ZnCa0.5_001,Zn-Ca,2018,,,,,,,,,90.94,,,,,
ZnCa0.5_001,Zn-Ca,2018,,,,,,,,,90.94,,,,,
ZnCa0.5_001,Zn-Ca,2018,,,,,,,,,90.94,,,,,
ZnCa0.5_001,Zn-Ca,2018,,,,,,,,,90.94,,,,,
ZnCa0.5_001,Zn-Ca,2018,,,,,,,,,90.94,,,,,
ZnCa0.5_001,Zn-Ca,2018,,,,,,,,,90.94,,,,,
ZnCa0.5_001,Zn-Ca,2018,,,,,,,,,90.94,,,,,
ZnCa0.5_001,Zn-Ca,2018,,,,,,,,,90.94,,,,,
ZnCa0.5_001,Zn-Ca,2018,,,,,,,,,90.94,,,,,
ZnCa0.5_001,Zn-Ca,2018,,,,,,,,,90.94,,,,,
ZnCa0.5_001,Zn-Ca,2018,,,,,,,,,90.94,,,,,
ZnCa0.5_001,Zn-Ca,2018,,,,,,,,,90.94,,,,,
ZnCa0.5_001,Zn-Ca,2018,,,,,,,,,90.94,,,,,
ZnCa0.5_001,Zn-Ca,2018,,,,,,,,,90.94,,,,,
ZnCa0.5_001,Zn-Ca,2018,,,,,,,,,90.94,,,,,
ZnCa0.5_001,Zn-Ca,2018,,,,,,,,,90.94,,,,,
ZnCa0.5_001,Zn-Ca,2018,,,,,,,,,90.94,,,,,
ZnCa0.5_001,Zn-Ca,2018,,,,,,,,,90.94,,,,,
ZnCa0.5_001,Zn-Ca,2018,,,,,,,,,90.94,,,,,
ZnCa0.5_001,Zn-Ca,2018,,,,,,,,,90.94,,,,,
ZnCa0.5_001,Zn-Ca,2018,,,,,,,,,90.94,,,,,
ZnCa0.5_001,Zn-Ca,2018,,,,,,,,,90.94,,,,,
ZnCa0.5_001,Zn-Ca,2018,,,,,,,,,90.94,,,,,
ZnCa0.5_001,Zn-Ca,2018,,,,,,,,,90.94,,,,,
ZnCa0.5_001,Zn-Ca,2018,,,,,,,,,90.94,,,,,
ZnCa0.5_001,Zn-Ca,2018,,,,,,,,,90.94,,,,,
ZnCa0.5_001,Zn-Ca,2018,,,,,,,,,90.94,,,,,
ZnCa0.5_001,Zn-Ca,2018,,,,,,,,,90.94,,,,,
ZnCa0.5_001,Zn-Ca,2018,,,,,,,,,90.94,,,,,
ZnCa0.5_001,Zn-Ca,2018,,,,,,,,,90.94,,,,,
ZnCa0.5_001,Zn-Ca,2018,,,,,,,,,90.94,,,,,
ZnCa0.5_001,Zn-Ca,2018,,,,,,,,,90.94,,,,,
ZnCa0.5_001,Zn-Ca,2018,,,,,,,,,90.94,,,,,
ZnCa0.5_001,Zn-Ca,2018,,,,,,,,,90.94,,,,,
ZnCa0.5_001,Zn-Ca,2018,,,,,,,,,90.94,,,,,
ZnCa0.5_001,Zn-Ca,2018,,,,,,,,,90.94,,,,,
ZnCa0.5_001,Zn-Ca,2018,,,,,,,,,90.94,,,,,
ZnCa0.5_001,Zn-Ca,2018,,,,,,,,,90.94,,,,,
ZnCa0.5_001,Zn-Ca,2018,,,,,,,,,90.94,,,,,
ZnCa0.5_001,Zn-Ca,2018,,,,,,,,,90.94,,,,,
ZnCa0.5_001,Zn-Ca,2018,,,,,,,,,90.94,,,,,
ZnCa0.5_001,Zn-Ca,2018,,,,,,,,,90.94,,,,,
ZnCa0.5_001,Zn-Ca,2018,,,,,,,,,90.94,,,,,
ZnCa0.5_001,Zn-Ca,2018,,,,,,,,,90.94,,,,,
Alloy_2023_001,Al-Zn-Mg-Cu,2023,,,,,,,,,,,,,,
Alloy_2023_001,Al-Zn-Mg-Cu,2023,,,,,,,,,,,,,,
Alloy_2023_001,Al-Zn-Mg-Cu,2023,,,,,,,,,,,,,,
Alloy_2023_001,Al-Zn-Mg-Cu,2023,,,,,,,,,,,,,,
Alloy_2023_001,Al-Zn-Mg-Cu,2023,,,,,,,,,,,,,,
Alloy_2023_001,Al-Zn-Mg-Cu,2023,,,,,,,,,,,,,,
Alloy_2023_001,Al-Zn-Mg-Cu,2023,,,,,,,,,,,,,,
Alloy_2023_001,Al-Zn-Mg-Cu,2023,,,,,,,,,,,,,,
Al-Zn-Mg_001,Al-Zn-Mg,2024,,,,,,,,,,,,,,
Al-Zn-Mg_001,Al-Zn-Mg,2024,,,,,,,,,,,,,,
Al-Zn-Mg_001,Al-Zn-Mg,2024,,,,,,,,,,,,,,
Al-Zn-Mg_001,Al-Zn-Mg,2024,,,,,,,,,,,,,,
Al-Zn-Mg_001,Al-Zn-Mg,2024,,,,,,,,,,,,,,
Al-Zn-Mg_001,Al-Zn-Mg,2024,,,,,,,,,,,,,,
Al-Zn-Mg_001,Al-Zn-Mg,2024,,,,,,,,,,,,,,
Al-Zn-Mg_001,Al-Zn-Mg,2024,,,,,,,,,,,,,,
Al-Zn-Mg_ZnMg3.68_001,Al-Zn-Mg,2024,,,,,,,,,,,,,,
Al-Zn-Mg_ZnMg3.68_001,Al-Zn-Mg,2024,,,,,,,,,,,,,,
Al-Zn-Mg_ZnMg3.68_001,Al-Zn-Mg,2024,,,,,,,,,,,,,,
Al-Zn-Mg_ZnMg3.68_001,Al-Zn-Mg,2024,,,,,,,,,,,,,,
Al-Zn-Mg_ZnMg3.68_001,Al-Zn-Mg,2024,,,,,,,,,,,,,,
Al-Zn-Mg_ZnMg3.68_001,Al-Zn-Mg,2024,,,,,,,,,,,,,,
Al-Zn-Mg_ZnMg3.68_001,Al-Zn-Mg,2024,,,,,,,,,,,,,,
Al-Zn-Mg_ZnMg3.68_001,Al-Zn-Mg,2024,,,,,,,,,,,,,,
Alloy_None_001,Zn-Cu-Ag-Zr,,,,,,,,,,,,,,,
Alloy_None_001,Zn-Cu-Ag-Zr,,,,,,,,,,,,,,,
Alloy_None_001,Zn-Cu-Ag-Zr,,,,,,,,,,,,,,,
Alloy_None_001,Zn-Cu-Ag-Zr,,,,,,,,,,,,,,,
Alloy_None_001,Zn-Cu-Ag-Zr,,,,,,,,,,,,,,,
Alloy_None_001,Zn-Cu-Ag-Zr,,,,,,,,,,,,,,,
Alloy_None_001,Zn-Cu-Ag-Zr,,,,,,,,,,,,,,,
Alloy_None_001,Zn-Cu-Ag-Zr,,,,,,,,,,,,,,,
Alloy_None_001,Zn-Cu-Ag-Zr,,,,,,,,,,,,,,,
Alloy_None_001,Zn-Cu-Ag-Zr,,,,,,,,,,,,,,,
Alloy_None_001,Zn-Cu-Ag-Zr,,,,,,,,,,,,,,,
Alloy_None_001,Zn-Cu-Ag-Zr,,,,,,,,,,,,,,,
Alloy_None_001,Zn-Cu-Ag-Zr,,,,,,,,,,,,,,,
Alloy_None_001,Zn-Cu-Ag-Zr,,,,,,,,,,,,,,,
Alloy_None_001,Zn-Cu-Ag-Zr,,,,,,,,,,,,,,,
Alloy_None_001,Zn-Cu-Ag-Zr,,,,,,,,,,,,,,,
Alloy_None_001,Zn-Cu-Ag-Zr,,,,,,,,,,,,,,,
Alloy_None_001,Zn-Cu-Ag-Zr,,,,,,,,,,,,,,,
Alloy_None_001,Zn-Cu-Ag-Zr,,,,,,,,,,,,,,,
Alloy_None_001,Zn-Cu-Ag-Zr,,,,,,,,,,,,,,,
Alloy_None_001,Zn-Cu-Ag-Zr,,,,,,,,,,,,,,,
Alloy_None_001,Zn-Cu-Ag-Zr,,,,,,,,,,,,,,,
Alloy_None_001,Zn-Cu-Ag-Zr,,,,,,,,,,,,,,,
Alloy_None_001,Zn-Cu-Ag-Zr,,,,,,,,,,,,,,,
Alloy_None_001,Zn-Cu-Ag-Zr,,,,,,,,,,,,,,,
Alloy_None_001,Zn-Cu-Ag-Zr,,,,,,,,,,,,,,,
Alloy_None_001,Zn-Cu-Ag-Zr,,,,,,,,,,,,,,,
Alloy_None_001,Zn-Cu-Ag-Zr,,,,,,,,,,,,,,,
Alloy_None_001,Zn-Cu-Ag-Zr,,,,,,,,,,,,,,,
Alloy_None_001,Zn-Cu-Ag-Zr,,,,,,,,,,,,,,,
Alloy_None_001,Zn-Cu-Ag-Zr,,,,,,,,,,,,,,,
Alloy_None_001,Zn-Cu-Ag-Zr,,,,,,,,,,,,,,,
Alloy_None_001,Zn-Cu-Ag-Zr,,,,,,,,,,,,,,,
Alloy_None_001,Zn-Cu-Ag-Zr,,,,,,,,,,,,,,,
Alloy_None_001,Zn-Cu-Ag-Zr,,,,,,,,,,,,,,,
Alloy_None_001,Zn-Cu-Ag-Zr,,,,,,,,,,,,,,,
Alloy_None_001,Zn-Cu-Ag-Zr,,,,,,,,,,,,,,,
Alloy_None_001,Zn-Cu-Ag-Zr,,,,,,,,,,,,,,,
Alloy_None_001,Zn-Cu-Ag-Zr,,,,,,,,,,,,,,,
Alloy_None_001,Zn-Cu-Ag-Zr,,,,,,,,,,,,,,,
Alloy_None_001,Zn-Cu-Ag-Zr,,,,,,,,,,,,,,,
Alloy_None_001,Zn-Cu-Ag-Zr,,,,,,,,,,,,,,,
Alloy_None_001,Zn-Cu-Ag-Zr,,,,,,,,,,,,,,,
Alloy_None_001,Zn-Cu-Ag-Zr,,,,,,,,,,,,,,,
Alloy_None_001,Zn-Cu-Ag-Zr,,,,,,,,,,,,,,,
Alloy_None_001,Zn-Cu-Ag-Zr,,,,,,,,,,,,,,,
Alloy_None_001,Zn-Cu-Ag-Zr,,,,,,,,,,,,,,,
Alloy_None_001,Zn-Cu-Ag-Zr,,,,,,,,,,,,,,,
Alloy_None_001,Zn-Cu-Ag-Zr,,,,,,,,,,,,,,,
Alloy_None_001,Zn-Cu-Ag-Zr,,,,,,,,,,,,,,,
Alloy_None_001,Zn-Cu-Ag-Zr,,,,,,,,,,,,,,,
Alloy_None_001,Zn-Cu-Ag-Zr,,,,,,,,,,,,,,,
Alloy_None_001,Zn-Cu-Ag-Zr,,,,,,,,,,,,,,,
Alloy_None_001,Zn-Cu-Ag-Zr,,,,,,,,,,,,,,,
Alloy_None_001,Zn-Cu-Ag-Zr,,,,,,,,,,,,,,,
Alloy_None_001,Zn-Cu-Ag-Zr,,,,,,,,,,,,,,,
Alloy_None_001,Zn-Cu-Ag-Zr,,,,,,,,,,,,,,,
Alloy_None_001,Zn-Cu-Ag-Zr,,,,,,,,,,,,,,,
Alloy_None_001,Zn-Cu-Ag-Zr,,,,,,,,,,,,,,,
Alloy_None_001,Zn-Cu-Ag-Zr,,,,,,,,,,,,,,,
Alloy_None_001,Zn-Cu-Ag-Zr,,,,,,,,,,,,,,,
Alloy_None_001,Zn-Cu-Ag-Zr,,,,,,,,,,,,,,,
Alloy_None_001,Zn-Cu-Ag-Zr,,,,,,,,,,,,,,,
Alloy_None_001,Zn-Cu-Ag-Zr,,,,,,,,,,,,,,,
Alloy_None_001,Zn-Cu-Ag-Zr,,,,,,,,,,,,,,,
Alloy_None_001,Zn-Cu-Ag-Zr,,,,,,,,,,,,,,,
Alloy_None_001,Zn-Cu-Ag-Zr,,,,,,,,,,,,,,,
Alloy_None_001,Zn-Cu-Ag-Zr,,,,,,,,,,,,,,,
Alloy_None_001,Zn-Cu-Ag-Zr,,,,,,,,,,,,,,,
Alloy_None_001,Zn-Cu-Ag-Zr,,,,,,,,,,,,,,,
Alloy_None_001,Zn-Cu-Ag-Zr,,,,,,,,,,,,,,,
Alloy_None_001,Zn-Cu-Ag-Zr,,,,,,,,,,,,,,,
Alloy_None_001,Zn-Cu-Ag-Zr,,,,,,,,,,,,,,,
Alloy_None_001,Zn-Cu-Ag-Zr,,,,,,,,,,,,,,,
Alloy_None_001,Zn-Cu-Ag-Zr,,,,,,,,,,,,,,,
Alloy_None_001,Zn-Cu-Ag-Zr,,,,,,,,,,,,,,,
Alloy_None_001,Zn-Cu-Ag-Zr,,,,,,,,,,,,,,,
Alloy_None_001,Zn-Cu-Ag-Zr,,,,,,,,,,,,,,,
Alloy_None_001,Zn-Cu-Ag-Zr,,,,,,,,,,,,,,,
Alloy_None_001,Zn-Cu-Ag-Zr,,,,,,,,,,,,,,,
Alloy_None_001,Zn-Cu-Ag-Zr,,,,,,,,,,,,,,,
Alloy_None_001,Zn-Cu-Ag-Zr,,,,,,,,,,,,,,,
Alloy_None_001,Zn-Cu-Ag-Zr,,,,,,,,,,,,,,,
Alloy_None_001,Zn-Cu-Ag-Zr,,,,,,,,,,,,,,,
Alloy_None_001,Zn-Cu-Ag-Zr,,,,,,,,,,,,,,,
Alloy_None_001,Zn-Cu-Ag-Zr,,,,,,,,,,,,,,,
Alloy_None_001,Zn-Cu-Ag-Zr,,,,,,,,,,,,,,,
Alloy_None_001,Zn-Cu-Ag-Zr,,,,,,,,,,,,,,,
Alloy_None_001,Zn-Cu-Ag-Zr,,,,,,,,,,,,,,,
Alloy_None_001,Zn-Cu-Ag-Zr,,,,,,,,,,,,,,,
Alloy_None_001,Zn-Cu-Ag-Zr,,,,,,,244.83,218.14,64.5,,,,,,
Alloy_None_001,Zn-Cu-Ag-Zr,,,,,,,244.83,218.14,64.5,,,,,,
Alloy_None_001,Zn-Cu-Ag-Zr,,,,,,,244.83,218.14,64.5,,,,,,
Alloy_None_001,Zn-Cu-Ag-Zr,,,,,,,244.83,218.14,64.5,,,,,,
Alloy_None_001,Zn-Cu-Ag-Zr,,,,,,,244.83,218.14,64.5,,,,,,
Alloy_None_001,Zn-Cu-Ag-Zr,,,,,,,244.83,218.14,64.5,,,,,,
Alloy_None_001,Zn-Cu-Ag-Zr,,,,,,,244.83,218.14,64.5,,,,,,
Alloy_None_001,Zn-Cu-Ag-Zr,,,,,,,244.83,218.14,64.5,,,,,,
Alloy_None_001,Zn-Cu-Ag-Zr,,,,,,,244.83,218.14,64.5,,,,,,
Alloy_None_001,Zn-Cu-Ag-Zr,,,,,,,244.83,218.14,64.5,,,,,,
Alloy_None_001,Zn-Cu-Ag-Zr,,,,,,,,,,,,,,,
Alloy_None_001,Zn-Cu-Ag-Zr,,,,,,,,,,,,,,,
Alloy_None_001,Zn-Cu-Ag-Zr,,,,,,,,,,,,,,,
Alloy_None_001,Zn-Cu-Ag-Zr,,,,,,,,,,,,,,,
Alloy_None_001,Zn-Cu-Ag-Zr,,,,,,,,,,,,,,,
Alloy_None_001,Zn-Cu-Ag-Zr,,,,,,,,,,,,,,,
Alloy_None_001,Zn-Cu-Ag-Zr,,,,,,,,,,,,,,,
Alloy_None_001,Zn-Cu-Ag-Zr,,,,,,,,,,,,,,,
Alloy_None_001,Zn-Cu-Ag-Zr,,,,,,,,,,,,,,,
Alloy_None_001,Zn-Cu-Ag-Zr,,,,,,,,,,,,,,,
Alloy_None_001,Zn-Cu-Ag-Zr,,,,,,,,,,,,,,,
Alloy_None_001,Zn-Cu-Ag-Zr,,,,,,,,,,,,,,,
Alloy_None_001,Zn-Cu-Ag-Zr,,,,,,,,,,,,,,,
Alloy_None_001,Zn-Cu-Ag-Zr,,,,,,,,,,,,,,,
Alloy_None_001,Zn-Cu-Ag-Zr,,,,,,,,,,,,,,,
Alloy_None_001,Zn-Cu-Ag-Zr,,,,,,,,,,,,,,,
Alloy_None_001,Zn-Cu-Ag-Zr,,,,,,,,,,,,,,,
Alloy_None_001,Zn-Cu-Ag-Zr,,,,,,,,,,,,,,,
Alloy_None_001,Zn-Cu-Ag-Zr,,,,,,,,,,,,,,,
Alloy_None_001,Zn-Cu-Ag-Zr,,,,,,,,,,,,,,,
Alloy_None_001,Zn-Cu-Ag-Zr,,,,,,,,,,,,,,,
Alloy_None_001,Zn-Cu-Ag-Zr,,,,,,,,,,,,,,,
Alloy_None_001,Zn-Cu-Ag-Zr,,,,,,,,,,,,,,,
Alloy_None_001,Zn-Cu-Ag-Zr,,,,,,,,,,,,,,,
Alloy_None_001,Zn-Cu-Ag-Zr,,,,,,,,,,,,,,,
Alloy_None_001,Zn-Cu-Ag-Zr,,,,,,,,,,,,,,,
Alloy_None_001,Zn-Cu-Ag-Zr,,,,,,,,,,,,,,,
Alloy_None_001,Zn-Cu-Ag-Zr,,,,,,,,,,,,,,,
Alloy_None_001,Zn-Cu-Ag-Zr,,,,,,,,,,,,,,,
Alloy_None_001,Zn-Cu-Ag-Zr,,,,,,,,,,,,,,,
Alloy_None_001,Zn-Cu-Ag-Zr,,,,,,,,,,,,,,,
Alloy_None_001,Zn-Cu-Ag-Zr,,,,,,,,,,,,,,,
Alloy_None_001,Zn-Cu-Ag-Zr,,,,,,,,,,,,,,,
Alloy_None_001,Zn-Cu-Ag-Zr,,,,,,,,,,,,,,,
Alloy_None_001,Zn-Cu-Ag-Zr,,,,,,,,,,,,,,,
Alloy_None_001,Zn-Cu-Ag-Zr,,,,,,,,,,,,,,,
Alloy_None_001,Zn-Cu-Ag-Zr,,,,,,,,,,,,,,,
Alloy_None_001,Zn-Cu-Ag-Zr,,,,,,,,,,,,,,,
Alloy_None_001,Zn-Cu-Ag-Zr,,,,,,,,,,,,,,,
Alloy_None_001,Zn-Cu-Ag-Zr,,,,,,,,,,,,,,,
Alloy_None_001,Zn-Cu-Ag-Zr,,,,,,,,,,,,,,,
Alloy_None_001,Zn-Cu-Ag-Zr,,,,,,,,,,,,,,,
Alloy_None_001,Zn-Cu-Ag-Zr,,,,,,,,,,,,,,,
Alloy_None_001,Zn-Cu-Ag-Zr,,,,,,,,,,,,,,,
Alloy_None_001,Zn-Cu-Ag-Zr,,,,,,,,,,,,,,,
Alloy_None_001,Zn-Cu-Ag-Zr,,,,,,,,,,,,,,,
Alloy_None_001,Zn-Cu-Ag-Zr,,,,,,,,,,,,,,,
Alloy_None_001,Zn-Cu-Ag-Zr,,,,,,,,,,,,,,,
Alloy_None_001,Zn-Cu-Ag-Zr,,,,,,,,,,,,,,,
Alloy_None_001,Zn-Cu-Ag-Zr,,,,,,,,,,,,,,,
Alloy_None_001,Zn-Cu-Ag-Zr,,,,,,,,,,,,,,,
Alloy_None_001,Zn-Cu-Ag-Zr,,,,,,,,,,,,,,,
Alloy_None_001,Zn-Cu-Ag-Zr,,,,,,,,,,,,,,,
Alloy_None_001,Zn-Cu-Ag-Zr,,,,,,,,,,,,,,,
Alloy_None_001,Zn-Cu-Ag-Zr,,,,,,,,,,,,,,,
Alloy_None_001,Zn-Cu-Ag-Zr,,,,,,,,,,,,,,,
Alloy_None_001,Zn-Cu-Ag-Zr,,,,,,,,,,,,,,,
Alloy_None_001,Zn-Cu-Ag-Zr,,,,,,,,,,,,,,,
Alloy_None_001,Zn-Cu-Ag-Zr,,,,,,,,,,,,,,,
Alloy_None_001,Zn-Cu-Ag-Zr,,,,,,,,,,,,,,,
Alloy_None_001,Zn-Cu-Ag-Zr,,,,,,,,,,,,,,,
Alloy_None_001,Zn-Cu-Ag-Zr,,,,,,,,,,,,,,,
Alloy_None_001,Zn-Cu-Ag-Zr,,,,,,,,,,,,,,,
Alloy_None_001,Zn-Cu-Ag-Zr,,,,,,,,,,,,,,,
Alloy_None_001,Zn-Cu-Ag-Zr,,,,,,,,,,,,,,,
Alloy_None_001,Zn-Cu-Ag-Zr,,,,,,,,,,,,,,,
Alloy_None_001,Zn-Cu-Ag-Zr,,,,,,,,,,,,,,,
Alloy_None_001,Zn-Cu-Ag-Zr,,,,,,,,,,,,,,,
Alloy_None_001,Zn-Cu-Ag-Zr,,,,,,,,,,,,,,,
Alloy_None_001,Zn-Cu-Ag-Zr,,,,,,,,,,,,,,,
Alloy_None_001,Zn-Cu-Ag-Zr,,,,,,,,,,,,,,,
Alloy_None_001,Zn-Cu-Ag-Zr,,,,,,,,,,,,,,,
Alloy_None_001,Zn-Cu-Ag-Zr,,,,,,,,,,,,,,,
Alloy_None_001,Zn-Cu-Ag-Zr,,,,,,,,,,,,,,,
Alloy_None_001,Zn-Cu-Ag-Zr,,,,,,,,,,,,,,,
Alloy_None_001,Zn-Cu-Ag-Zr,,,,,,,,,,,,,,,
Alloy_None_001,Zn-Cu-Ag-Zr,,,,,,,,,,,,,,,
Alloy_None_001,Zn-Cu-Ag-Zr,,,,,,,,,,,,,,,
Alloy_None_001,Zn-Cu-Ag-Zr,,,,,,,,,,,,,,,
Alloy_None_001,Zn-Cu-Ag-Zr,,,,,,,,,,,,,,,
Alloy_None_001,Zn-Cu-Ag-Zr,,,,,,,,,,,,,,,
Alloy_None_001,Zn-Cu-Ag-Zr,,,,,,,,,,,,,,,
Alloy_None_001,Zn-Cu-Ag-Zr,,,,,,,,,,,,,,,
Alloy_None_001,Zn-Cu-Ag-Zr,,,,,,,,,,,,,,,
Alloy_None_001,Zn-Cu-Ag-Zr,,,,,,,,,,,,,,,
Alloy_None_001,Zn-Cu-Ag-Zr,,,,,,,,,,,,,,,
Alloy_None_001,Zn-Cu-Ag-Zr,,,,,,,,,,,,,,,
Alloy_None_001,Zn-Cu-Ag-Zr,,,,,,,,,,,,,,,
Alloy_None_001,Zn-Cu-Ag-Zr,,,,,,,,,,,,,,,
Alloy_None_001,Zn-Cu-Ag-Zr,,,,,,,,,,,,,,,
Alloy_None_001,Zn-Cu-Ag-Zr,,,,,,,244.83,218.14,64.5,,,,,,
Alloy_None_001,Zn-Cu-Ag-Zr,,,,,,,244.83,218.14,64.5,,,,,,
Alloy_None_001,Zn-Cu-Ag-Zr,,,,,,,244.83,218.14,64.5,,,,,,
Alloy_None_001,Zn-Cu-Ag-Zr,,,,,,,244.83,218.14,64.5,,,,,,
Alloy_None_001,Zn-Cu-Ag-Zr,,,,,,,244.83,218.14,64.5,,,,,,
Alloy_None_001,Zn-Cu-Ag-Zr,,,,,,,244.83,218.14,64.5,,,,,,
Alloy_None_001,Zn-Cu-Ag-Zr,,,,,,,244.83,218.14,64.5,,,,,,
Alloy_None_001,Zn-Cu-Ag-Zr,,,,,,,244.83,218.14,64.5,,,,,,
Alloy_None_001,Zn-Cu-Ag-Zr,,,,,,,244.83,218.14,64.5,,,,,,
Alloy_None_001,Zn-Cu-Ag-Zr,,,,,,,244.83,218.14,64.5,,,,,,
Alloy_None_001,Zn-Cu-Ag-Zr,,,,,,,,,,,,,,,
Alloy_None_001,Zn-Cu-Ag-Zr,,,,,,,,,,,,,,,
Alloy_None_001,Zn-Cu-Ag-Zr,,,,,,,,,,,,,,,
Alloy_None_001,Zn-Cu-Ag-Zr,,,,,,,,,,,,,,,
Alloy_None_001,Zn-Cu-Ag-Zr,,,,,,,,,,,,,,,
Alloy_None_001,Zn-Cu-Ag-Zr,,,,,,,,,,,,,,,
Alloy_None_001,Zn-Cu-Ag-Zr,,,,,,,,,,,,,,,
Alloy_None_001,Zn-Cu-Ag-Zr,,,,,,,,,,,,,,,
Alloy_None_001,Zn-Cu-Ag-Zr,,,,,,,,,,,,,,,
Alloy_None_001,Zn-Cu-Ag-Zr,,,,,,,,,,,,,,,
Alloy_None_001,Zn-Cu-Ag-Zr,,,,,,,,,,,,,,,
Alloy_None_001,Zn-Cu-Ag-Zr,,,,,,,,,,,,,,,
Alloy_None_001,Zn-Cu-Ag-Zr,,,,,,,,,,,,,,,
Alloy_None_001,Zn-Cu-Ag-Zr,,,,,,,,,,,,,,,
Alloy_None_001,Zn-Cu-Ag-Zr,,,,,,,,,,,,,,,
Alloy_None_001,Zn-Cu-Ag-Zr,,,,,,,,,,,,,,,
Alloy_None_001,Zn-Cu-Ag-Zr,,,,,,,,,,,,,,,
Alloy_None_001,Zn-Cu-Ag-Zr,,,,,,,,,,,,,,,
Alloy_None_001,Zn-Cu-Ag-Zr,,,,,,,,,,,,,,,
Alloy_None_001,Zn-Cu-Ag-Zr,,,,,,,,,,,,,,,
Alloy_None_001,Zn-Cu-Ag-Zr,,,,,,,,,,,,,,,
Alloy_None_001,Zn-Cu-Ag-Zr,,,,,,,,,,,,,,,
Alloy_None_001,Zn-Cu-Ag-Zr,,,,,,,,,,,,,,,
Alloy_None_001,Zn-Cu-Ag-Zr,,,,,,,,,,,,,,,
Alloy_None_001,Zn-Cu-Ag-Zr,,,,,,,,,,,,,,,
Alloy_None_001,Zn-Cu-Ag-Zr,,,,,,,,,,,,,,,
Alloy_None_001,Zn-Cu-Ag-Zr,,,,,,,,,,,,,,,
Alloy_None_001,Zn-Cu-Ag-Zr,,,,,,,,,,,,,,,
Alloy_None_001,Zn-Cu-Ag-Zr,,,,,,,,,,,,,,,
Alloy_None_001,Zn-Cu-Ag-Zr,,,,,,,,,,,,,,,
Alloy_None_001,Zn-Cu-Ag-Zr,,,,,,,,,,,,,,,
Alloy_None_001,Zn-Cu-Ag-Zr,,,,,,,,,,,,,,,
Alloy_None_001,Zn-Cu-Ag-Zr,,,,,,,,,,,,,,,
Alloy_None_001,Zn-Cu-Ag-Zr,,,,,,,,,,,,,,,
Alloy_None_001,Zn-Cu-Ag-Zr,,,,,,,,,,,,,,,
Alloy_None_001,Zn-Cu-Ag-Zr,,,,,,,,,,,,,,,
Alloy_None_001,Zn-Cu-Ag-Zr,,,,,,,,,,,,,,,
Alloy_None_001,Zn-Cu-Ag-Zr,,,,,,,,,,,,,,,
Alloy_None_001,Zn-Cu-Ag-Zr,,,,,,,,,,,,,,,
Alloy_None_001,Zn-Cu-Ag-Zr,,,,,,,,,,,,,,,
Alloy_None_001,Zn-Cu-Ag-Zr,,,,,,,,,,,,,,,
Alloy_None_001,Zn-Cu-Ag-Zr,,,,,,,,,,,,,,,
Alloy_None_001,Zn-Cu-Ag-Zr,,,,,,,,,,,,,,,
Alloy_None_001,Zn-Cu-Ag-Zr,,,,,,,,,,,,,,,
Alloy_None_001,Zn-Cu-Ag-Zr,,,,,,,,,,,,,,,
Alloy_None_001,Zn-Cu-Ag-Zr,,,,,,,,,,,,,,,
Alloy_None_001,Zn-Cu-Ag-Zr,,,,,,,,,,,,,,,
Alloy_None_001,Zn-Cu-Ag-Zr,,,,,,,,,,,,,,,
Alloy_None_001,Zn-Cu-Ag-Zr,,,,,,,,,,,,,,,
Alloy_None_001,Zn-Cu-Ag-Zr,,,,,,,,,,,,,,,
Alloy_None_001,Zn-Cu-Ag-Zr,,,,,,,,,,,,,,,
Alloy_None_001,Zn-Cu-Ag-Zr,,,,,,,,,,,,,,,
Alloy_None_001,Zn-Cu-Ag-Zr,,,,,,,,,,,,,,,
Alloy_None_001,Zn-Cu-Ag-Zr,,,,,,,,,,,,,,,
Alloy_None_001,Zn-Cu-Ag-Zr,,,,,,,,,,,,,,,
Alloy_None_001,Zn-Cu-Ag-Zr,,,,,,,,,,,,,,,
Alloy_None_001,Zn-Cu-Ag-Zr,,,,,,,,,,,,,,,
Alloy_None_001,Zn-Cu-Ag-Zr,,,,,,,,,,,,,,,
Alloy_None_001,Zn-Cu-Ag-Zr,,,,,,,,,,,,,,,
Alloy_None_001,Zn-Cu-Ag-Zr,,,,,,,,,,,,,,,
Alloy_None_001,Zn-Cu-Ag-Zr,,,,,,,,,,,,,,,
Alloy_None_001,Zn-Cu-Ag-Zr,,,,,,,,,,,,,,,
Alloy_None_001,Zn-Cu-Ag-Zr,,,,,,,,,,,,,,,
Alloy_None_001,Zn-Cu-Ag-Zr,,,,,,,,,,,,,,,
Alloy_None_001,Zn-Cu-Ag-Zr,,,,,,,,,,,,,,,
Alloy_None_001,Zn-Cu-Ag-Zr,,,,,,,,,,,,,,,
Alloy_None_001,Zn-Cu-Ag-Zr,,,,,,,,,,,,,,,
Alloy_None_001,Zn-Cu-Ag-Zr,,,,,,,,,,,,,,,
Alloy_None_001,Zn-Cu-Ag-Zr,,,,,,,,,,,,,,,
Alloy_None_001,Zn-Cu-Ag-Zr,,,,,,,,,,,,,,,
Alloy_None_001,Zn-Cu-Ag-Zr,,,,,,,,,,,,,,,
Alloy_None_001,Zn-Cu-Ag-Zr,,,,,,,,,,,,,,,
Alloy_None_001,Zn-Cu-Ag-Zr,,,,,,,,,,,,,,,
Alloy_None_001,Zn-Cu-Ag-Zr,,,,,,,,,,,,,,,
Alloy_None_001,Zn-Cu-Ag-Zr,,,,,,,,,,,,,,,
Alloy_None_001,Zn-Cu-Ag-Zr,,,,,,,,,,,,,,,
Alloy_None_001,Zn-Cu-Ag-Zr,,,,,,,,,,,,,,,
Alloy_None_001,Zn-Cu-Ag-Zr,,,,,,,,,,,,,,,
Alloy_None_001,Zn-Cu-Ag-Zr,,,,,,,,,,,,,,,
Alloy_None_001,Zn-Cu-Ag-Zr,,,,,,,,,,,,,,,
Alloy_None_001,Zn-Cu-Ag-Zr,,,,,,,,,,,,,,,
Alloy_None_001,Zn-Cu-Ag-Zr,,,,,,,,,,,,,,,
Alloy_None_001,Zn-Cu-Ag-Zr,,,,,,,,,,,,,,,
Alloy_None_001,Zn-Cu-Ag-Zr,,,,,,,,,,,,,,,
Alloy_None_001,Zn-Cu-Ag-Zr,,,,,,,,,,,,,,,
Alloy_None_001,Zn-Cu-Ag-Zr,,,,,,,,,,,,,,,
Alloy_None_001,Zn-Cu-Ag-Zr,,,,,,,,,,,,,,,
Alloy_None_001,Zn-Cu-Ag-Zr,,,,,,,,,,,,,,,
Alloy_None_001,Zn-Cu-Ag-Zr,,,,,,,,,,,,,,,
Alloy_None_001,Zn-Cu-Ag-Zr,,,,,,,,,,,,,,,
Alloy_None_001,Zn-Cu-Ag-Zr,,,,,,,244.83,218.14,64.5,,,,,,
Alloy_None_001,Zn-Cu-Ag-Zr,,,,,,,244.83,218.14,64.5,,,,,,
Alloy_None_001,Zn-Cu-Ag-Zr,,,,,,,244.83,218.14,64.5,,,,,,
Alloy_None_001,Zn-Cu-Ag-Zr,,,,,,,244.83,218.14,64.5,,,,,,
Alloy_None_001,Zn-Cu-Ag-Zr,,,,,,,244.83,218.14,64.5,,,,,,
Alloy_None_001,Zn-Cu-Ag-Zr,,,,,,,244.83,218.14,64.5,,,,,,
Alloy_None_001,Zn-Cu-Ag-Zr,,,,,,,244.83,218.14,64.5,,,,,,
Alloy_None_001,Zn-Cu-Ag-Zr,,,,,,,244.83,218.14,64.5,,,,,,
Alloy_None_001,Zn-Cu-Ag-Zr,,,,,,,244.83,218.14,64.5,,,,,,
Alloy_None_001,Zn-Cu-Ag-Zr,,,,,,,244.83,218.14,64.5,,,,,,
Alloy_None_001,Zn-Cu-Ag-Zr,,,,,,,,,,,,,,,
Alloy_None_001,Zn-Cu-Ag-Zr,,,,,,,,,,,,,,,
Alloy_None_001,Zn-Cu-Ag-Zr,,,,,,,,,,,,,,,
Alloy_None_001,Zn-Cu-Ag-Zr,,,,,,,,,,,,,,,
Alloy_None_001,Zn-Cu-Ag-Zr,,,,,,,,,,,,,,,
Alloy_None_001,Zn-Cu-Ag-Zr,,,,,,,,,,,,,,,
Alloy_None_001,Zn-Cu-Ag-Zr,,,,,,,,,,,,,,,
Alloy_None_001,Zn-Cu-Ag-Zr,,,,,,,,,,,,,,,
Alloy_None_001,Zn-Cu-Ag-Zr,,,,,,,,,,,,,,,
Alloy_None_001,Zn-Cu-Ag-Zr,,,,,,,,,,,,,,,
Alloy_None_001,Zn-Cu-Ag-Zr,,,,,,,,,,,,,,,
Alloy_None_001,Zn-Cu-Ag-Zr,,,,,,,,,,,,,,,
Alloy_None_001,Zn-Cu-Ag-Zr,,,,,,,,,,,,,,,
Alloy_None_001,Zn-Cu-Ag-Zr,,,,,,,,,,,,,,,
Alloy_None_001,Zn-Cu-Ag-Zr,,,,,,,,,,,,,,,
Alloy_None_001,Zn-Cu-Ag-Zr,,,,,,,,,,,,,,,
Alloy_None_001,Zn-Cu-Ag-Zr,,,,,,,,,,,,,,,
Alloy_None_001,Zn-Cu-Ag-Zr,,,,,,,,,,,,,,,
Alloy_None_001,Zn-Cu-Ag-Zr,,,,,,,,,,,,,,,
Alloy_None_001,Zn-Cu-Ag-Zr,,,,,,,,,,,,,,,
Alloy_None_001,Zn-Cu-Ag-Zr,,,,,,,,,,,,,,,
Alloy_None_001,Zn-Cu-Ag-Zr,,,,,,,,,,,,,,,
Alloy_None_001,Zn-Cu-Ag-Zr,,,,,,,,,,,,,,,
Alloy_None_001,Zn-Cu-Ag-Zr,,,,,,,,,,,,,,,
Alloy_None_001,Zn-Cu-Ag-Zr,,,,,,,,,,,,,,,
Alloy_None_001,Zn-Cu-Ag-Zr,,,,,,,,,,,,,,,
Alloy_None_001,Zn-Cu-Ag-Zr,,,,,,,,,,,,,,,
Alloy_None_001,Zn-Cu-Ag-Zr,,,,,,,,,,,,,,,
Alloy_None_001,Zn-Cu-Ag-Zr,,,,,,,,,,,,,,,
Alloy_None_001,Zn-Cu-Ag-Zr,,,,,,,,,,,,,,,
Alloy_None_001,Zn-Cu-Ag-Zr,,,,,,,,,,,,,,,
Alloy_None_001,Zn-Cu-Ag-Zr,,,,,,,,,,,,,,,
Alloy_None_001,Zn-Cu-Ag-Zr,,,,,,,,,,,,,,,
Alloy_None_001,Zn-Cu-Ag-Zr,,,,,,,,,,,,,,,
Alloy_None_001,Zn-Cu-Ag-Zr,,,,,,,,,,,,,,,
Alloy_None_001,Zn-Cu-Ag-Zr,,,,,,,,,,,,,,,
Alloy_None_001,Zn-Cu-Ag-Zr,,,,,,,,,,,,,,,
Alloy_None_001,Zn-Cu-Ag-Zr,,,,,,,,,,,,,,,
Alloy_None_001,Zn-Cu-Ag-Zr,,,,,,,,,,,,,,,
Alloy_None_001,Zn-Cu-Ag-Zr,,,,,,,,,,,,,,,
Alloy_None_001,Zn-Cu-Ag-Zr,,,,,,,,,,,,,,,
Alloy_None_001,Zn-Cu-Ag-Zr,,,,,,,,,,,,,,,
Alloy_None_001,Zn-Cu-Ag-Zr,,,,,,,,,,,,,,,
Alloy_None_001,Zn-Cu-Ag-Zr,,,,,,,,,,,,,,,
Alloy_None_001,Zn-Cu-Ag-Zr,,,,,,,,,,,,,,,
Alloy_None_001,Zn-Cu-Ag-Zr,,,,,,,,,,,,,,,
Alloy_None_001,Zn-Cu-Ag-Zr,,,,,,,,,,,,,,,
Alloy_None_001,Zn-Cu-Ag-Zr,,,,,,,,,,,,,,,
Alloy_None_001,Zn-Cu-Ag-Zr,,,,,,,,,,,,,,,
Alloy_None_001,Zn-Cu-Ag-Zr,,,,,,,,,,,,,,,
Alloy_None_001,Zn-Cu-Ag-Zr,,,,,,,,,,,,,,,
Alloy_None_001,Zn-Cu-Ag-Zr,,,,,,,,,,,,,,,
Alloy_None_001,Zn-Cu-Ag-Zr,,,,,,,,,,,,,,,
Alloy_None_001,Zn-Cu-Ag-Zr,,,,,,,,,,,,,,,
Alloy_None_001,Zn-Cu-Ag-Zr,,,,,,,,,,,,,,,
Alloy_None_001,Zn-Cu-Ag-Zr,,,,,,,,,,,,,,,
Alloy_None_001,Zn-Cu-Ag-Zr,,,,,,,,,,,,,,,
Alloy_None_001,Zn-Cu-Ag-Zr,,,,,,,,,,,,,,,
Alloy_None_001,Zn-Cu-Ag-Zr,,,,,,,,,,,,,,,
Alloy_None_001,Zn-Cu-Ag-Zr,,,,,,,,,,,,,,,
Alloy_None_001,Zn-Cu-Ag-Zr,,,,,,,,,,,,,,,
Alloy_None_001,Zn-Cu-Ag-Zr,,,,,,,,,,,,,,,
Alloy_None_001,Zn-Cu-Ag-Zr,,,,,,,,,,,,,,,
Alloy_None_001,Zn-Cu-Ag-Zr,,,,,,,,,,,,,,,
Alloy_None_001,Zn-Cu-Ag-Zr,,,,,,,,,,,,,,,
Alloy_None_001,Zn-Cu-Ag-Zr,,,,,,,,,,,,,,,
Alloy_None_001,Zn-Cu-Ag-Zr,,,,,,,,,,,,,,,
Alloy_None_001,Zn-Cu-Ag-Zr,,,,,,,,,,,,,,,
Alloy_None_001,Zn-Cu-Ag-Zr,,,,,,,,,,,,,,,
Alloy_None_001,Zn-Cu-Ag-Zr,,,,,,,,,,,,,,,
Alloy_None_001,Zn-Cu-Ag-Zr,,,,,,,,,,,,,,,
Alloy_None_001,Zn-Cu-Ag-Zr,,,,,,,,,,,,,,,
Alloy_None_001,Zn-Cu-Ag-Zr,,,,,,,,,,,,,,,
Alloy_None_001,Zn-Cu-Ag-Zr,,,,,,,,,,,,,,,
Alloy_None_001,Zn-Cu-Ag-Zr,,,,,,,,,,,,,,,
Alloy_None_001,Zn-Cu-Ag-Zr,,,,,,,,,,,,,,,
Alloy_None_001,Zn-Cu-Ag-Zr,,,,,,,,,,,,,,,
Alloy_None_001,Zn-Cu-Ag-Zr,,,,,,,,,,,,,,,
Alloy_None_001,Zn-Cu-Ag-Zr,,,,,,,,,,,,,,,
Alloy_None_001,Zn-Cu-Ag-Zr,,,,,,,,,,,,,,,
Alloy_None_001,Zn-Cu-Ag-Zr,,,,,,,,,,,,,,,
Alloy_None_001,Zn-Cu-Ag-Zr,,,,,,,,,,,,,,,
Alloy_None_001,Zn-Cu-Ag-Zr,,,,,,,,,,,,,,,
Alloy_None_001,Zn-Cu-Ag-Zr,,,,,,,,,,,,,,,
Alloy_None_001,Zn-Cu-Ag-Zr,,,,,,,,,,,,,,,
Alloy_None_001,Zn-Cu-Ag-Zr,,,,,,,,,,,,,,,
Alloy_None_001,Zn-Cu-Ag-Zr,,,,,,,,,,,,,,,
Alloy_None_001,Zn-Cu-Ag-Zr,,,,,,,,,,,,,,,
Alloy_None_001,Zn-Cu-Ag-Zr,,,,,,,,,,,,,,,
Alloy_None_001,Zn-Cu-Ag-Zr,,,,,,,,,,,,,,,
Alloy_None_001,Zn-Cu-Ag-Zr,,,,,,,244.83,218.14,64.5,,,,,,
Alloy_None_001,Zn-Cu-Ag-Zr,,,,,,,244.83,218.14,64.5,,,,,,
Alloy_None_001,Zn-Cu-Ag-Zr,,,,,,,244.83,218.14,64.5,,,,,,
Alloy_None_001,Zn-Cu-Ag-Zr,,,,,,,244.83,218.14,64.5,,,,,,
Alloy_None_001,Zn-Cu-Ag-Zr,,,,,,,244.83,218.14,64.5,,,,,,
Alloy_None_001,Zn-Cu-Ag-Zr,,,,,,,244.83,218.14,64.5,,,,,,
Alloy_None_001,Zn-Cu-Ag-Zr,,,,,,,244.83,218.14,64.5,,,,,,
Alloy_None_001,Zn-Cu-Ag-Zr,,,,,,,244.83,218.14,64.5,,,,,,
Alloy_None_001,Zn-Cu-Ag-Zr,,,,,,,244.83,218.14,64.5,,,,,,
Alloy_None_001,Zn-Cu-Ag-Zr,,,,,,,244.83,218.14,64.5,,,,,,
Alloy_None_001,Zn-Cu-Ag-Zr,,,,,,,,,,,,,,,
Alloy_None_001,Zn-Cu-Ag-Zr,,,,,,,,,,,,,,,
Alloy_None_001,Zn-Cu-Ag-Zr,,,,,,,,,,,,,,,
Alloy_None_001,Zn-Cu-Ag-Zr,,,,,,,,,,,,,,,
Alloy_None_001,Zn-Cu-Ag-Zr,,,,,,,,,,,,,,,
Alloy_None_001,Zn-Cu-Ag-Zr,,,,,,,,,,,,,,,
Alloy_None_001,Zn-Cu-Ag-Zr,,,,,,,,,,,,,,,
Alloy_None_001,Zn-Cu-Ag-Zr,,,,,,,,,,,,,,,
Alloy_None_001,Zn-Cu-Ag-Zr,,,,,,,,,,,,,,,
Alloy_None_001,Zn-Cu-Ag-Zr,,,,,,,,,,,,,,,
Alloy_None_001,Zn-Cu-Ag-Zr,,,,,,,,,,,,,,,
Alloy_None_001,Zn-Cu-Ag-Zr,,,,,,,,,,,,,,,
Alloy_None_001,Zn-Cu-Ag-Zr,,,,,,,,,,,,,,,
Alloy_None_001,Zn-Cu-Ag-Zr,,,,,,,,,,,,,,,
Alloy_None_001,Zn-Cu-Ag-Zr,,,,,,,,,,,,,,,
Alloy_None_001,Zn-Cu-Ag-Zr,,,,,,,,,,,,,,,
Alloy_None_001,Zn-Cu-Ag-Zr,,,,,,,,,,,,,,,
Alloy_None_001,Zn-Cu-Ag-Zr,,,,,,,,,,,,,,,
Alloy_None_001,Zn-Cu-Ag-Zr,,,,,,,,,,,,,,,
Alloy_None_001,Zn-Cu-Ag-Zr,,,,,,,,,,,,,,,
Alloy_None_001,Zn-Cu-Ag-Zr,,,,,,,,,,,,,,,
Alloy_None_001,Zn-Cu-Ag-Zr,,,,,,,,,,,,,,,
Alloy_None_001,Zn-Cu-Ag-Zr,,,,,,,,,,,,,,,
Alloy_None_001,Zn-Cu-Ag-Zr,,,,,,,,,,,,,,,
Alloy_None_001,Zn-Cu-Ag-Zr,,,,,,,,,,,,,,,
Alloy_None_001,Zn-Cu-Ag-Zr,,,,,,,,,,,,,,,
Alloy_None_001,Zn-Cu-Ag-Zr,,,,,,,,,,,,,,,
Alloy_None_001,Zn-Cu-Ag-Zr,,,,,,,,,,,,,,,
Alloy_None_001,Zn-Cu-Ag-Zr,,,,,,,,,,,,,,,
Alloy_None_001,Zn-Cu-Ag-Zr,,,,,,,,,,,,,,,
Alloy_None_001,Zn-Cu-Ag-Zr,,,,,,,,,,,,,,,
Alloy_None_001,Zn-Cu-Ag-Zr,,,,,,,,,,,,,,,
Alloy_None_001,Zn-Cu-Ag-Zr,,,,,,,,,,,,,,,
Alloy_None_001,Zn-Cu-Ag-Zr,,,,,,,,,,,,,,,
Alloy_None_001,Zn-Cu-Ag-Zr,,,,,,,,,,,,,,,
Alloy_None_001,Zn-Cu-Ag-Zr,,,,,,,,,,,,,,,
Alloy_None_001,Zn-Cu-Ag-Zr,,,,,,,,,,,,,,,
Alloy_None_001,Zn-Cu-Ag-Zr,,,,,,,,,,,,,,,
Alloy_None_001,Zn-Cu-Ag-Zr,,,,,,,,,,,,,,,
Alloy_None_001,Zn-Cu-Ag-Zr,,,,,,,,,,,,,,,
Alloy_None_001,Zn-Cu-Ag-Zr,,,,,,,,,,,,,,,
Alloy_None_001,Zn-Cu-Ag-Zr,,,,,,,,,,,,,,,
Alloy_None_001,Zn-Cu-Ag-Zr,,,,,,,,,,,,,,,
Alloy_None_001,Zn-Cu-Ag-Zr,,,,,,,,,,,,,,,
Alloy_None_001,Zn-Cu-Ag-Zr,,,,,,,,,,,,,,,
Alloy_None_001,Zn-Cu-Ag-Zr,,,,,,,,,,,,,,,
Alloy_None_001,Zn-Cu-Ag-Zr,,,,,,,,,,,,,,,
Alloy_None_001,Zn-Cu-Ag-Zr,,,,,,,,,,,,,,,
Alloy_None_001,Zn-Cu-Ag-Zr,,,,,,,,,,,,,,,
Alloy_None_001,Zn-Cu-Ag-Zr,,,,,,,,,,,,,,,
Alloy_None_001,Zn-Cu-Ag-Zr,,,,,,,,,,,,,,,
Alloy_None_001,Zn-Cu-Ag-Zr,,,,,,,,,,,,,,,
Alloy_None_001,Zn-Cu-Ag-Zr,,,,,,,,,,,,,,,
Alloy_None_001,Zn-Cu-Ag-Zr,,,,,,,,,,,,,,,
Alloy_None_001,Zn-Cu-Ag-Zr,,,,,,,,,,,,,,,
Alloy_None_001,Zn-Cu-Ag-Zr,,,,,,,,,,,,,,,
Alloy_None_001,Zn-Cu-Ag-Zr,,,,,,,,,,,,,,,
Alloy_None_001,Zn-Cu-Ag-Zr,,,,,,,,,,,,,,,
Alloy_None_001,Zn-Cu-Ag-Zr,,,,,,,,,,,,,,,
Alloy_None_001,Zn-Cu-Ag-Zr,,,,,,,,,,,,,,,
Alloy_None_001,Zn-Cu-Ag-Zr,,,,,,,,,,,,,,,
Alloy_None_001,Zn-Cu-Ag-Zr,,,,,,,,,,,,,,,
Alloy_None_001,Zn-Cu-Ag-Zr,,,,,,,,,,,,,,,
Alloy_None_001,Zn-Cu-Ag-Zr,,,,,,,,,,,,,,,
Alloy_None_001,Zn-Cu-Ag-Zr,,,,,,,,,,,,,,,
Alloy_None_001,Zn-Cu-Ag-Zr,,,,,,,,,,,,,,,
Alloy_None_001,Zn-Cu-Ag-Zr,,,,,,,,,,,,,,,
Alloy_None_001,Zn-Cu-Ag-Zr,,,,,,,,,,,,,,,
Alloy_None_001,Zn-Cu-Ag-Zr,,,,,,,,,,,,,,,
Alloy_None_001,Zn-Cu-Ag-Zr,,,,,,,,,,,,,,,
Alloy_None_001,Zn-Cu-Ag-Zr,,,,,,,,,,,,,,,
Alloy_None_001,Zn-Cu-Ag-Zr,,,,,,,,,,,,,,,
Alloy_None_001,Zn-Cu-Ag-Zr,,,,,,,,,,,,,,,
Alloy_None_001,Zn-Cu-Ag-Zr,,,,,,,,,,,,,,,
Alloy_None_001,Zn-Cu-Ag-Zr,,,,,,,,,,,,,,,
Alloy_None_001,Zn-Cu-Ag-Zr,,,,,,,,,,,,,,,
Alloy_None_001,Zn-Cu-Ag-Zr,,,,,,,,,,,,,,,
Alloy_None_001,Zn-Cu-Ag-Zr,,,,,,,,,,,,,,,
Alloy_None_001,Zn-Cu-Ag-Zr,,,,,,,,,,,,,,,
Alloy_None_001,Zn-Cu-Ag-Zr,,,,,,,,,,,,,,,
Alloy_None_001,Zn-Cu-Ag-Zr,,,,,,,,,,,,,,,
Alloy_None_001,Zn-Cu-Ag-Zr,,,,,,,,,,,,,,,
Alloy_None_001,Zn-Cu-Ag-Zr,,,,,,,,,,,,,,,
Alloy_None_001,Zn-Cu-Ag-Zr,,,,,,,,,,,,,,,
Alloy_None_001,Zn-Cu-Ag-Zr,,,,,,,,,,,,,,,
Alloy_None_001,Zn-Cu-Ag-Zr,,,,,,,,,,,,,,,
Alloy_None_001,Zn-Cu-Ag-Zr,,,,,,,,,,,,,,,
Alloy_None_001,Zn-Cu-Ag-Zr,,,,,,,,,,,,,,,
Alloy_None_001,Zn-Cu-Ag-Zr,,,,,,,,,,,,,,,
Alloy_None_001,Zn-Cu-Ag-Zr,,,,,,,,,,,,,,,
Alloy_None_001,Zn-Cu-Ag-Zr,,,,,,,244.83,218.14,64.5,,,,,,
Alloy_None_001,Zn-Cu-Ag-Zr,,,,,,,244.83,218.14,64.5,,,,,,
Alloy_None_001,Zn-Cu-Ag-Zr,,,,,,,244.83,218.14,64.5,,,,,,
Alloy_None_001,Zn-Cu-Ag-Zr,,,,,,,244.83,218.14,64.5,,,,,,
Alloy_None_001,Zn-Cu-Ag-Zr,,,,,,,244.83,218.14,64.5,,,,,,
Alloy_None_001,Zn-Cu-Ag-Zr,,,,,,,244.83,218.14,64.5,,,,,,
Alloy_None_001,Zn-Cu-Ag-Zr,,,,,,,244.83,218.14,64.5,,,,,,
Alloy_None_001,Zn-Cu-Ag-Zr,,,,,,,244.83,218.14,64.5,,,,,,
Alloy_None_001,Zn-Cu-Ag-Zr,,,,,,,244.83,218.14,64.5,,,,,,
Alloy_None_001,Zn-Cu-Ag-Zr,,,,,,,244.83,218.14,64.5,,,,,,
Alloy_None_001,Zn-Cu-Ag-Zr,,,,,,,,,,,,,,,
Alloy_None_001,Zn-Cu-Ag-Zr,,,,,,,,,,,,,,,
Alloy_None_001,Zn-Cu-Ag-Zr,,,,,,,,,,,,,,,
Alloy_None_001,Zn-Cu-Ag-Zr,,,,,,,,,,,,,,,
Alloy_None_001,Zn-Cu-Ag-Zr,,,,,,,,,,,,,,,
Alloy_None_001,Zn-Cu-Ag-Zr,,,,,,,,,,,,,,,
Alloy_None_001,Zn-Cu-Ag-Zr,,,,,,,,,,,,,,,
Alloy_None_001,Zn-Cu-Ag-Zr,,,,,,,,,,,,,,,
Alloy_None_001,Zn-Cu-Ag-Zr,,,,,,,,,,,,,,,
Alloy_None_001,Zn-Cu-Ag-Zr,,,,,,,,,,,,,,,
Alloy_None_001,Zn-Cu-Ag-Zr,,,,,,,,,,,,,,,
Alloy_None_001,Zn-Cu-Ag-Zr,,,,,,,,,,,,,,,
Alloy_None_001,Zn-Cu-Ag-Zr,,,,,,,,,,,,,,,
Alloy_None_001,Zn-Cu-Ag-Zr,,,,,,,,,,,,,,,
Alloy_None_001,Zn-Cu-Ag-Zr,,,,,,,,,,,,,,,
Alloy_None_001,Zn-Cu-Ag-Zr,,,,,,,,,,,,,,,
Alloy_None_001,Zn-Cu-Ag-Zr,,,,,,,,,,,,,,,
Alloy_None_001,Zn-Cu-Ag-Zr,,,,,,,,,,,,,,,
Alloy_None_001,Zn-Cu-Ag-Zr,,,,,,,,,,,,,,,
Alloy_None_001,Zn-Cu-Ag-Zr,,,,,,,,,,,,,,,
Alloy_None_001,Zn-Cu-Ag-Zr,,,,,,,,,,,,,,,
Alloy_None_001,Zn-Cu-Ag-Zr,,,,,,,,,,,,,,,
Alloy_None_001,Zn-Cu-Ag-Zr,,,,,,,,,,,,,,,
Alloy_None_001,Zn-Cu-Ag-Zr,,,,,,,,,,,,,,,
Alloy_None_001,Zn-Cu-Ag-Zr,,,,,,,,,,,,,,,
Alloy_None_001,Zn-Cu-Ag-Zr,,,,,,,,,,,,,,,
Alloy_None_001,Zn-Cu-Ag-Zr,,,,,,,,,,,,,,,
Alloy_None_001,Zn-Cu-Ag-Zr,,,,,,,,,,,,,,,
Alloy_None_001,Zn-Cu-Ag-Zr,,,,,,,,,,,,,,,
Alloy_None_001,Zn-Cu-Ag-Zr,,,,,,,,,,,,,,,
Alloy_None_001,Zn-Cu-Ag-Zr,,,,,,,,,,,,,,,
Alloy_None_001,Zn-Cu-Ag-Zr,,,,,,,,,,,,,,,
Alloy_None_001,Zn-Cu-Ag-Zr,,,,,,,,,,,,,,,
Alloy_None_001,Zn-Cu-Ag-Zr,,,,,,,,,,,,,,,
Alloy_None_001,Zn-Cu-Ag-Zr,,,,,,,,,,,,,,,
Alloy_None_001,Zn-Cu-Ag-Zr,,,,,,,,,,,,,,,
Alloy_None_001,Zn-Cu-Ag-Zr,,,,,,,,,,,,,,,
Alloy_None_001,Zn-Cu-Ag-Zr,,,,,,,,,,,,,,,
Alloy_None_001,Zn-Cu-Ag-Zr,,,,,,,,,,,,,,,
Alloy_None_001,Zn-Cu-Ag-Zr,,,,,,,,,,,,,,,
Alloy_None_001,Zn-Cu-Ag-Zr,,,,,,,,,,,,,,,
Alloy_None_001,Zn-Cu-Ag-Zr,,,,,,,,,,,,,,,
Alloy_None_001,Zn-Cu-Ag-Zr,,,,,,,,,,,,,,,
Alloy_None_001,Zn-Cu-Ag-Zr,,,,,,,,,,,,,,,
Alloy_None_001,Zn-Cu-Ag-Zr,,,,,,,,,,,,,,,
Alloy_None_001,Zn-Cu-Ag-Zr,,,,,,,,,,,,,,,
Alloy_None_001,Zn-Cu-Ag-Zr,,,,,,,,,,,,,,,
Alloy_None_001,Zn-Cu-Ag-Zr,,,,,,,,,,,,,,,
Alloy_None_001,Zn-Cu-Ag-Zr,,,,,,,,,,,,,,,
Alloy_None_001,Zn-Cu-Ag-Zr,,,,,,,,,,,,,,,
Alloy_None_001,Zn-Cu-Ag-Zr,,,,,,,,,,,,,,,
Alloy_None_001,Zn-Cu-Ag-Zr,,,,,,,,,,,,,,,
Alloy_None_001,Zn-Cu-Ag-Zr,,,,,,,,,,,,,,,
Alloy_None_001,Zn-Cu-Ag-Zr,,,,,,,,,,,,,,,
Alloy_None_001,Zn-Cu-Ag-Zr,,,,,,,,,,,,,,,
Alloy_None_001,Zn-Cu-Ag-Zr,,,,,,,,,,,,,,,
Alloy_None_001,Zn-Cu-Ag-Zr,,,,,,,,,,,,,,,
Alloy_None_001,Zn-Cu-Ag-Zr,,,,,,,,,,,,,,,
Alloy_None_001,Zn-Cu-Ag-Zr,,,,,,,,,,,,,,,
Alloy_None_001,Zn-Cu-Ag-Zr,,,,,,,,,,,,,,,
Alloy_None_001,Zn-Cu-Ag-Zr,,,,,,,,,,,,,,,
Alloy_None_001,Zn-Cu-Ag-Zr,,,,,,,,,,,,,,,
Alloy_None_001,Zn-Cu-Ag-Zr,,,,,,,,,,,,,,,
Alloy_None_001,Zn-Cu-Ag-Zr,,,,,,,,,,,,,,,
Alloy_None_001,Zn-Cu-Ag-Zr,,,,,,,,,,,,,,,
Alloy_None_001,Zn-Cu-Ag-Zr,,,,,,,,,,,,,,,
Alloy_None_001,Zn-Cu-Ag-Zr,,,,,,,,,,,,,,,
Alloy_None_001,Zn-Cu-Ag-Zr,,,,,,,,,,,,,,,
Alloy_None_001,Zn-Cu-Ag-Zr,,,,,,,,,,,,,,,
Alloy_None_001,Zn-Cu-Ag-Zr,,,,,,,,,,,,,,,
Alloy_None_001,Zn-Cu-Ag-Zr,,,,,,,,,,,,,,,
Alloy_None_001,Zn-Cu-Ag-Zr,,,,,,,,,,,,,,,
Alloy_None_001,Zn-Cu-Ag-Zr,,,,,,,,,,,,,,,
Alloy_None_001,Zn-Cu-Ag-Zr,,,,,,,,,,,,,,,
Alloy_None_001,Zn-Cu-Ag-Zr,,,,,,,,,,,,,,,
Alloy_None_001,Zn-Cu-Ag-Zr,,,,,,,,,,,,,,,
Alloy_None_001,Zn-Cu-Ag-Zr,,,,,,,,,,,,,,,
Alloy_None_001,Zn-Cu-Ag-Zr,,,,,,,,,,,,,,,
Alloy_None_001,Zn-Cu-Ag-Zr,,,,,,,,,,,,,,,
Alloy_None_001,Zn-Cu-Ag-Zr,,,,,,,,,,,,,,,
Alloy_None_001,Zn-Cu-Ag-Zr,,,,,,,,,,,,,,,
Alloy_None_001,Zn-Cu-Ag-Zr,,,,,,,,,,,,,,,
Alloy_None_001,Zn-Cu-Ag-Zr,,,,,,,,,,,,,,,
Alloy_None_001,Zn-Cu-Ag-Zr,,,,,,,,,,,,,,,
Alloy_None_001,Zn-Cu-Ag-Zr,,,,,,,,,,,,,,,
Alloy_None_001,Zn-Cu-Ag-Zr,,,,,,,,,,,,,,,
Alloy_None_001,Zn-Cu-Ag-Zr,,,,,,,,,,,,,,,
Alloy_None_001,Zn-Cu-Ag-Zr,,,,,,,,,,,,,,,
Alloy_None_001,Zn-Cu-Ag-Zr,,,,,,,,,,,,,,,
Alloy_None_001,Zn-Cu-Ag-Zr,,,,,,,,,,,,,,,
Alloy_None_001,Zn-Cu-Ag-Zr,,,,,,,244.83,218.14,64.5,,,,,,
Alloy_None_001,Zn-Cu-Ag-Zr,,,,,,,244.83,218.14,64.5,,,,,,
Alloy_None_001,Zn-Cu-Ag-Zr,,,,,,,244.83,218.14,64.5,,,,,,
Alloy_None_001,Zn-Cu-Ag-Zr,,,,,,,244.83,218.14,64.5,,,,,,
Alloy_None_001,Zn-Cu-Ag-Zr,,,,,,,244.83,218.14,64.5,,,,,,
Alloy_None_001,Zn-Cu-Ag-Zr,,,,,,,244.83,218.14,64.5,,,,,,
Alloy_None_001,Zn-Cu-Ag-Zr,,,,,,,244.83,218.14,64.5,,,,,,
Alloy_None_001,Zn-Cu-Ag-Zr,,,,,,,244.83,218.14,64.5,,,,,,
Alloy_None_001,Zn-Cu-Ag-Zr,,,,,,,244.83,218.14,64.5,,,,,,
Alloy_None_001,Zn-Cu-Ag-Zr,,,,,,,244.83,218.14,64.5,,,,,,
Alloy_None_001,Zn-Cu-Ag-Zr,,,,,,,,,,,,,,,
Alloy_None_001,Zn-Cu-Ag-Zr,,,,,,,,,,,,,,,
Alloy_None_001,Zn-Cu-Ag-Zr,,,,,,,,,,,,,,,
Alloy_None_001,Zn-Cu-Ag-Zr,,,,,,,,,,,,,,,
Alloy_None_001,Zn-Cu-Ag-Zr,,,,,,,,,,,,,,,
Alloy_None_001,Zn-Cu-Ag-Zr,,,,,,,,,,,,,,,
Alloy_None_001,Zn-Cu-Ag-Zr,,,,,,,,,,,,,,,
Alloy_None_001,Zn-Cu-Ag-Zr,,,,,,,,,,,,,,,
Alloy_None_001,Zn-Cu-Ag-Zr,,,,,,,,,,,,,,,
Alloy_None_001,Zn-Cu-Ag-Zr,,,,,,,,,,,,,,,
Alloy_None_001,Zn-Cu-Ag-Zr,,,,,,,,,,,,,,,
Alloy_None_001,Zn-Cu-Ag-Zr,,,,,,,,,,,,,,,
Alloy_None_001,Zn-Cu-Ag-Zr,,,,,,,,,,,,,,,
Alloy_None_001,Zn-Cu-Ag-Zr,,,,,,,,,,,,,,,
Alloy_None_001,Zn-Cu-Ag-Zr,,,,,,,,,,,,,,,
Alloy_None_001,Zn-Cu-Ag-Zr,,,,,,,,,,,,,,,
Alloy_None_001,Zn-Cu-Ag-Zr,,,,,,,,,,,,,,,
Alloy_None_001,Zn-Cu-Ag-Zr,,,,,,,,,,,,,,,
Alloy_None_001,Zn-Cu-Ag-Zr,,,,,,,,,,,,,,,
Alloy_None_001,Zn-Cu-Ag-Zr,,,,,,,,,,,,,,,
Alloy_None_001,Zn-Cu-Ag-Zr,,,,,,,,,,,,,,,
Alloy_None_001,Zn-Cu-Ag-Zr,,,,,,,,,,,,,,,
Alloy_None_001,Zn-Cu-Ag-Zr,,,,,,,,,,,,,,,
Alloy_None_001,Zn-Cu-Ag-Zr,,,,,,,,,,,,,,,
Alloy_None_001,Zn-Cu-Ag-Zr,,,,,,,,,,,,,,,
Alloy_None_001,Zn-Cu-Ag-Zr,,,,,,,,,,,,,,,
Alloy_None_001,Zn-Cu-Ag-Zr,,,,,,,,,,,,,,,
Alloy_None_001,Zn-Cu-Ag-Zr,,,,,,,,,,,,,,,
Alloy_None_001,Zn-Cu-Ag-Zr,,,,,,,,,,,,,,,
Alloy_None_001,Zn-Cu-Ag-Zr,,,,,,,,,,,,,,,
Alloy_None_001,Zn-Cu-Ag-Zr,,,,,,,,,,,,,,,
Alloy_None_001,Zn-Cu-Ag-Zr,,,,,,,,,,,,,,,
Alloy_None_001,Zn-Cu-Ag-Zr,,,,,,,,,,,,,,,
Alloy_None_001,Zn-Cu-Ag-Zr,,,,,,,,,,,,,,,
Alloy_None_001,Zn-Cu-Ag-Zr,,,,,,,,,,,,,,,
Alloy_None_001,Zn-Cu-Ag-Zr,,,,,,,,,,,,,,,
Alloy_None_001,Zn-Cu-Ag-Zr,,,,,,,,,,,,,,,
Alloy_None_001,Zn-Cu-Ag-Zr,,,,,,,,,,,,,,,
Alloy_None_001,Zn-Cu-Ag-Zr,,,,,,,,,,,,,,,
Alloy_None_001,Zn-Cu-Ag-Zr,,,,,,,,,,,,,,,
Alloy_None_001,Zn-Cu-Ag-Zr,,,,,,,,,,,,,,,
Alloy_None_001,Zn-Cu-Ag-Zr,,,,,,,,,,,,,,,
Alloy_None_001,Zn-Cu-Ag-Zr,,,,,,,,,,,,,,,
Alloy_None_001,Zn-Cu-Ag-Zr,,,,,,,,,,,,,,,
Alloy_None_001,Zn-Cu-Ag-Zr,,,,,,,,,,,,,,,
Alloy_None_001,Zn-Cu-Ag-Zr,,,,,,,,,,,,,,,
Alloy_None_001,Zn-Cu-Ag-Zr,,,,,,,,,,,,,,,
Alloy_None_001,Zn-Cu-Ag-Zr,,,,,,,,,,,,,,,
Alloy_None_001,Zn-Cu-Ag-Zr,,,,,,,,,,,,,,,
Alloy_None_001,Zn-Cu-Ag-Zr,,,,,,,,,,,,,,,
Alloy_None_001,Zn-Cu-Ag-Zr,,,,,,,,,,,,,,,
Alloy_None_001,Zn-Cu-Ag-Zr,,,,,,,,,,,,,,,
Alloy_None_001,Zn-Cu-Ag-Zr,,,,,,,,,,,,,,,
Alloy_None_001,Zn-Cu-Ag-Zr,,,,,,,,,,,,,,,
Alloy_None_001,Zn-Cu-Ag-Zr,,,,,,,,,,,,,,,
Alloy_None_001,Zn-Cu-Ag-Zr,,,,,,,,,,,,,,,
Alloy_None_001,Zn-Cu-Ag-Zr,,,,,,,,,,,,,,,
Alloy_None_001,Zn-Cu-Ag-Zr,,,,,,,,,,,,,,,
Alloy_None_001,Zn-Cu-Ag-Zr,,,,,,,,,,,,,,,
Alloy_None_001,Zn-Cu-Ag-Zr,,,,,,,,,,,,,,,
Alloy_None_001,Zn-Cu-Ag-Zr,,,,,,,,,,,,,,,
Alloy_None_001,Zn-Cu-Ag-Zr,,,,,,,,,,,,,,,
Alloy_None_001,Zn-Cu-Ag-Zr,,,,,,,,,,,,,,,
Alloy_None_001,Zn-Cu-Ag-Zr,,,,,,,,,,,,,,,
Alloy_None_001,Zn-Cu-Ag-Zr,,,,,,,,,,,,,,,
Alloy_None_001,Zn-Cu-Ag-Zr,,,,,,,,,,,,,,,
Alloy_None_001,Zn-Cu-Ag-Zr,,,,,,,,,,,,,,,
Alloy_None_001,Zn-Cu-Ag-Zr,,,,,,,,,,,,,,,
Alloy_None_001,Zn-Cu-Ag-Zr,,,,,,,,,,,,,,,
Alloy_None_001,Zn-Cu-Ag-Zr,,,,,,,,,,,,,,,
Alloy_None_001,Zn-Cu-Ag-Zr,,,,,,,,,,,,,,,
Alloy_None_001,Zn-Cu-Ag-Zr,,,,,,,,,,,,,,,
Alloy_None_001,Zn-Cu-Ag-Zr,,,,,,,,,,,,,,,
Alloy_None_001,Zn-Cu-Ag-Zr,,,,,,,,,,,,,,,
Alloy_None_001,Zn-Cu-Ag-Zr,,,,,,,,,,,,,,,
Alloy_None_001,Zn-Cu-Ag-Zr,,,,,,,,,,,,,,,
Alloy_None_001,Zn-Cu-Ag-Zr,,,,,,,,,,,,,,,
Alloy_None_001,Zn-Cu-Ag-Zr,,,,,,,,,,,,,,,
Alloy_None_001,Zn-Cu-Ag-Zr,,,,,,,,,,,,,,,
Alloy_None_001,Zn-Cu-Ag-Zr,,,,,,,,,,,,,,,
Alloy_None_001,Zn-Cu-Ag-Zr,,,,,,,,,,,,,,,
Alloy_None_001,Zn-Cu-Ag-Zr,,,,,,,,,,,,,,,
Alloy_None_001,Zn-Cu-Ag-Zr,,,,,,,,,,,,,,,
Alloy_None_001,Zn-Cu-Ag-Zr,,,,,,,,,,,,,,,
Alloy_None_001,Zn-Cu-Ag-Zr,,,,,,,,,,,,,,,
Alloy_None_001,Zn-Cu-Ag-Zr,,,,,,,,,,,,,,,
Alloy_None_001,Zn-Cu-Ag-Zr,,,,,,,,,,,,,,,
Alloy_None_001,Zn-Cu-Ag-Zr,,,,,,,,,,,,,,,
Alloy_None_001,Zn-Cu-Ag-Zr,,,,,,,,,,,,,,,
Alloy_None_001,Zn-Cu-Ag-Zr,,,,,,,,,,,,,,,
Alloy_None_001,Zn-Cu-Ag-Zr,,,,,,,244.83,218.14,64.5,,,,,,
Alloy_None_001,Zn-Cu-Ag-Zr,,,,,,,244.83,218.14,64.5,,,,,,
Alloy_None_001,Zn-Cu-Ag-Zr,,,,,,,244.83,218.14,64.5,,,,,,
Alloy_None_001,Zn-Cu-Ag-Zr,,,,,,,244.83,218.14,64.5,,,,,,
Alloy_None_001,Zn-Cu-Ag-Zr,,,,,,,244.83,218.14,64.5,,,,,,
Alloy_None_001,Zn-Cu-Ag-Zr,,,,,,,244.83,218.14,64.5,,,,,,
Alloy_None_001,Zn-Cu-Ag-Zr,,,,,,,244.83,218.14,64.5,,,,,,
Alloy_None_001,Zn-Cu-Ag-Zr,,,,,,,244.83,218.14,64.5,,,,,,
Alloy_None_001,Zn-Cu-Ag-Zr,,,,,,,244.83,218.14,64.5,,,,,,
Alloy_None_001,Zn-Cu-Ag-Zr,,,,,,,244.83,218.14,64.5,,,,,,
Alloy_None_001,Zn-Cu-Ag-Zr,,,,,,,,,,,,,,,
Alloy_None_001,Zn-Cu-Ag-Zr,,,,,,,,,,,,,,,
Alloy_None_001,Zn-Cu-Ag-Zr,,,,,,,,,,,,,,,
Alloy_None_001,Zn-Cu-Ag-Zr,,,,,,,,,,,,,,,
Alloy_None_001,Zn-Cu-Ag-Zr,,,,,,,,,,,,,,,
Alloy_None_001,Zn-Cu-Ag-Zr,,,,,,,,,,,,,,,
Alloy_None_001,Zn-Cu-Ag-Zr,,,,,,,,,,,,,,,
Alloy_None_001,Zn-Cu-Ag-Zr,,,,,,,,,,,,,,,
Alloy_None_001,Zn-Cu-Ag-Zr,,,,,,,,,,,,,,,
Alloy_None_001,Zn-Cu-Ag-Zr,,,,,,,,,,,,,,,
Alloy_None_001,Zn-Cu-Ag-Zr,,,,,,,,,,,,,,,
Alloy_None_001,Zn-Cu-Ag-Zr,,,,,,,,,,,,,,,
Alloy_None_001,Zn-Cu-Ag-Zr,,,,,,,,,,,,,,,
Alloy_None_001,Zn-Cu-Ag-Zr,,,,,,,,,,,,,,,
Alloy_None_001,Zn-Cu-Ag-Zr,,,,,,,,,,,,,,,
Alloy_None_001,Zn-Cu-Ag-Zr,,,,,,,,,,,,,,,
Alloy_None_001,Zn-Cu-Ag-Zr,,,,,,,,,,,,,,,
Alloy_None_001,Zn-Cu-Ag-Zr,,,,,,,,,,,,,,,
Alloy_None_001,Zn-Cu-Ag-Zr,,,,,,,,,,,,,,,
Alloy_None_001,Zn-Cu-Ag-Zr,,,,,,,,,,,,,,,
Alloy_None_001,Zn-Cu-Ag-Zr,,,,,,,,,,,,,,,
Alloy_None_001,Zn-Cu-Ag-Zr,,,,,,,,,,,,,,,
Alloy_None_001,Zn-Cu-Ag-Zr,,,,,,,,,,,,,,,
Alloy_None_001,Zn-Cu-Ag-Zr,,,,,,,,,,,,,,,
Alloy_None_001,Zn-Cu-Ag-Zr,,,,,,,,,,,,,,,
Alloy_None_001,Zn-Cu-Ag-Zr,,,,,,,,,,,,,,,
Alloy_None_001,Zn-Cu-Ag-Zr,,,,,,,,,,,,,,,
Alloy_None_001,Zn-Cu-Ag-Zr,,,,,,,,,,,,,,,
Alloy_None_001,Zn-Cu-Ag-Zr,,,,,,,,,,,,,,,
Alloy_None_001,Zn-Cu-Ag-Zr,,,,,,,,,,,,,,,
Alloy_None_001,Zn-Cu-Ag-Zr,,,,,,,,,,,,,,,
Alloy_None_001,Zn-Cu-Ag-Zr,,,,,,,,,,,,,,,
Alloy_None_001,Zn-Cu-Ag-Zr,,,,,,,,,,,,,,,
Alloy_None_001,Zn-Cu-Ag-Zr,,,,,,,,,,,,,,,
Alloy_None_001,Zn-Cu-Ag-Zr,,,,,,,,,,,,,,,
Alloy_None_001,Zn-Cu-Ag-Zr,,,,,,,,,,,,,,,
Alloy_None_001,Zn-Cu-Ag-Zr,,,,,,,,,,,,,,,
Alloy_None_001,Zn-Cu-Ag-Zr,,,,,,,,,,,,,,,
Alloy_None_001,Zn-Cu-Ag-Zr,,,,,,,,,,,,,,,
Alloy_None_001,Zn-Cu-Ag-Zr,,,,,,,,,,,,,,,
Alloy_None_001,Zn-Cu-Ag-Zr,,,,,,,,,,,,,,,
Alloy_None_001,Zn-Cu-Ag-Zr,,,,,,,,,,,,,,,
Alloy_None_001,Zn-Cu-Ag-Zr,,,,,,,,,,,,,,,
Alloy_None_001,Zn-Cu-Ag-Zr,,,,,,,,,,,,,,,
Alloy_None_001,Zn-Cu-Ag-Zr,,,,,,,,,,,,,,,
Alloy_None_001,Zn-Cu-Ag-Zr,,,,,,,,,,,,,,,
Alloy_None_001,Zn-Cu-Ag-Zr,,,,,,,,,,,,,,,
Alloy_None_001,Zn-Cu-Ag-Zr,,,,,,,,,,,,,,,
Alloy_None_001,Zn-Cu-Ag-Zr,,,,,,,,,,,,,,,
Alloy_None_001,Zn-Cu-Ag-Zr,,,,,,,,,,,,,,,
Alloy_None_001,Zn-Cu-Ag-Zr,,,,,,,,,,,,,,,
Alloy_None_001,Zn-Cu-Ag-Zr,,,,,,,,,,,,,,,
Alloy_None_001,Zn-Cu-Ag-Zr,,,,,,,,,,,,,,,
Alloy_None_001,Zn-Cu-Ag-Zr,,,,,,,,,,,,,,,
Alloy_None_001,Zn-Cu-Ag-Zr,,,,,,,,,,,,,,,
Alloy_None_001,Zn-Cu-Ag-Zr,,,,,,,,,,,,,,,
Alloy_None_001,Zn-Cu-Ag-Zr,,,,,,,,,,,,,,,
Alloy_None_001,Zn-Cu-Ag-Zr,,,,,,,,,,,,,,,
Alloy_None_001,Zn-Cu-Ag-Zr,,,,,,,,,,,,,,,
Alloy_None_001,Zn-Cu-Ag-Zr,,,,,,,,,,,,,,,
Alloy_None_001,Zn-Cu-Ag-Zr,,,,,,,,,,,,,,,
Alloy_None_001,Zn-Cu-Ag-Zr,,,,,,,,,,,,,,,
Alloy_None_001,Zn-Cu-Ag-Zr,,,,,,,,,,,,,,,
Alloy_None_001,Zn-Cu-Ag-Zr,,,,,,,,,,,,,,,
Alloy_None_001,Zn-Cu-Ag-Zr,,,,,,,,,,,,,,,
Alloy_None_001,Zn-Cu-Ag-Zr,,,,,,,,,,,,,,,
Alloy_None_001,Zn-Cu-Ag-Zr,,,,,,,,,,,,,,,
Alloy_None_001,Zn-Cu-Ag-Zr,,,,,,,,,,,,,,,
Alloy_None_001,Zn-Cu-Ag-Zr,,,,,,,,,,,,,,,
Alloy_None_001,Zn-Cu-Ag-Zr,,,,,,,,,,,,,,,
Alloy_None_001,Zn-Cu-Ag-Zr,,,,,,,,,,,,,,,
Alloy_None_001,Zn-Cu-Ag-Zr,,,,,,,,,,,,,,,
Alloy_None_001,Zn-Cu-Ag-Zr,,,,,,,,,,,,,,,
Alloy_None_001,Zn-Cu-Ag-Zr,,,,,,,,,,,,,,,
Alloy_None_001,Zn-Cu-Ag-Zr,,,,,,,,,,,,,,,
Alloy_None_001,Zn-Cu-Ag-Zr,,,,,,,,,,,,,,,
Alloy_None_001,Zn-Cu-Ag-Zr,,,,,,,,,,,,,,,
Alloy_None_001,Zn-Cu-Ag-Zr,,,,,,,,,,,,,,,
Alloy_None_001,Zn-Cu-Ag-Zr,,,,,,,,,,,,,,,
Alloy_None_001,Zn-Cu-Ag-Zr,,,,,,,,,,,,,,,
Alloy_None_001,Zn-Cu-Ag-Zr,,,,,,,,,,,,,,,
Alloy_None_001,Zn-Cu-Ag-Zr,,,,,,,,,,,,,,,
Alloy_None_001,Zn-Cu-Ag-Zr,,,,,,,,,,,,,,,
Alloy_None_001,Zn-Cu-Ag-Zr,,,,,,,,,,,,,,,
Alloy_None_001,Zn-Cu-Ag-Zr,,,,,,,,,,,,,,,
Alloy_None_001,Zn-Cu-Ag-Zr,,,,,,,,,,,,,,,
Alloy_None_001,Zn-Cu-Ag-Zr,,,,,,,,,,,,,,,
Alloy_None_001,Zn-Cu-Ag-Zr,,,,,,,,,,,,,,,
Alloy_None_001,Zn-Cu-Ag-Zr,,,,,,,,,,,,,,,
Alloy_None_001,Zn-Cu-Ag-Zr,,,,,,,,,,,,,,,
Alloy_None_001,Zn-Cu-Ag-Zr,,,,,,,244.83,218.14,64.5,,,,,,
Alloy_None_001,Zn-Cu-Ag-Zr,,,,,,,244.83,218.14,64.5,,,,,,
Alloy_None_001,Zn-Cu-Ag-Zr,,,,,,,244.83,218.14,64.5,,,,,,
Alloy_None_001,Zn-Cu-Ag-Zr,,,,,,,244.83,218.14,64.5,,,,,,
Alloy_None_001,Zn-Cu-Ag-Zr,,,,,,,244.83,218.14,64.5,,,,,,
Alloy_None_001,Zn-Cu-Ag-Zr,,,,,,,244.83,218.14,64.5,,,,,,
Alloy_None_001,Zn-Cu-Ag-Zr,,,,,,,244.83,218.14,64.5,,,,,,
Alloy_None_001,Zn-Cu-Ag-Zr,,,,,,,244.83,218.14,64.5,,,,,,
Alloy_None_001,Zn-Cu-Ag-Zr,,,,,,,244.83,218.14,64.5,,,,,,
Alloy_None_001,Zn-Cu-Ag-Zr,,,,,,,244.83,218.14,64.5,,,,,,
Alloy_None_001,Zn-Cu-Ag-Zr,,,,,,,,,,,,,,,
Alloy_None_001,Zn-Cu-Ag-Zr,,,,,,,,,,,,,,,
Alloy_None_001,Zn-Cu-Ag-Zr,,,,,,,,,,,,,,,
Alloy_None_001,Zn-Cu-Ag-Zr,,,,,,,,,,,,,,,
Alloy_None_001,Zn-Cu-Ag-Zr,,,,,,,,,,,,,,,
Alloy_None_001,Zn-Cu-Ag-Zr,,,,,,,,,,,,,,,
Alloy_None_001,Zn-Cu-Ag-Zr,,,,,,,,,,,,,,,
Alloy_None_001,Zn-Cu-Ag-Zr,,,,,,,,,,,,,,,
Alloy_None_001,Zn-Cu-Ag-Zr,,,,,,,,,,,,,,,
Alloy_None_001,Zn-Cu-Ag-Zr,,,,,,,,,,,,,,,
Alloy_None_001,Zn-Cu-Ag-Zr,,,,,,,,,,,,,,,
Alloy_None_001,Zn-Cu-Ag-Zr,,,,,,,,,,,,,,,
Alloy_None_001,Zn-Cu-Ag-Zr,,,,,,,,,,,,,,,
Alloy_None_001,Zn-Cu-Ag-Zr,,,,,,,,,,,,,,,
Alloy_None_001,Zn-Cu-Ag-Zr,,,,,,,,,,,,,,,
Alloy_None_001,Zn-Cu-Ag-Zr,,,,,,,,,,,,,,,
Alloy_None_001,Zn-Cu-Ag-Zr,,,,,,,,,,,,,,,
Alloy_None_001,Zn-Cu-Ag-Zr,,,,,,,,,,,,,,,
Alloy_None_001,Zn-Cu-Ag-Zr,,,,,,,,,,,,,,,
Alloy_None_001,Zn-Cu-Ag-Zr,,,,,,,,,,,,,,,
Alloy_None_001,Zn-Cu-Ag-Zr,,,,,,,,,,,,,,,
Alloy_None_001,Zn-Cu-Ag-Zr,,,,,,,,,,,,,,,
Alloy_None_001,Zn-Cu-Ag-Zr,,,,,,,,,,,,,,,
Alloy_None_001,Zn-Cu-Ag-Zr,,,,,,,,,,,,,,,
Alloy_None_001,Zn-Cu-Ag-Zr,,,,,,,,,,,,,,,
Alloy_None_001,Zn-Cu-Ag-Zr,,,,,,,,,,,,,,,
Alloy_None_001,Zn-Cu-Ag-Zr,,,,,,,,,,,,,,,
Alloy_None_001,Zn-Cu-Ag-Zr,,,,,,,,,,,,,,,
Alloy_None_001,Zn-Cu-Ag-Zr,,,,,,,,,,,,,,,
Alloy_None_001,Zn-Cu-Ag-Zr,,,,,,,,,,,,,,,
Alloy_None_001,Zn-Cu-Ag-Zr,,,,,,,,,,,,,,,
Alloy_None_001,Zn-Cu-Ag-Zr,,,,,,,,,,,,,,,
Alloy_None_001,Zn-Cu-Ag-Zr,,,,,,,,,,,,,,,
Alloy_None_001,Zn-Cu-Ag-Zr,,,,,,,,,,,,,,,
Alloy_None_001,Zn-Cu-Ag-Zr,,,,,,,,,,,,,,,
Alloy_None_001,Zn-Cu-Ag-Zr,,,,,,,,,,,,,,,
Alloy_None_001,Zn-Cu-Ag-Zr,,,,,,,,,,,,,,,
Alloy_None_001,Zn-Cu-Ag-Zr,,,,,,,,,,,,,,,
Alloy_None_001,Zn-Cu-Ag-Zr,,,,,,,,,,,,,,,
Alloy_None_001,Zn-Cu-Ag-Zr,,,,,,,,,,,,,,,
Alloy_None_001,Zn-Cu-Ag-Zr,,,,,,,,,,,,,,,
Alloy_None_001,Zn-Cu-Ag-Zr,,,,,,,,,,,,,,,
Alloy_None_001,Zn-Cu-Ag-Zr,,,,,,,,,,,,,,,
Alloy_None_001,Zn-Cu-Ag-Zr,,,,,,,,,,,,,,,
Alloy_None_001,Zn-Cu-Ag-Zr,,,,,,,,,,,,,,,
Alloy_None_001,Zn-Cu-Ag-Zr,,,,,,,,,,,,,,,
Alloy_None_001,Zn-Cu-Ag-Zr,,,,,,,,,,,,,,,
Alloy_None_001,Zn-Cu-Ag-Zr,,,,,,,,,,,,,,,
Alloy_None_001,Zn-Cu-Ag-Zr,,,,,,,,,,,,,,,
Alloy_None_001,Zn-Cu-Ag-Zr,,,,,,,,,,,,,,,
Alloy_None_001,Zn-Cu-Ag-Zr,,,,,,,,,,,,,,,
Alloy_None_001,Zn-Cu-Ag-Zr,,,,,,,,,,,,,,,
Alloy_None_001,Zn-Cu-Ag-Zr,,,,,,,,,,,,,,,
Alloy_None_001,Zn-Cu-Ag-Zr,,,,,,,,,,,,,,,
Alloy_None_001,Zn-Cu-Ag-Zr,,,,,,,,,,,,,,,
Alloy_None_001,Zn-Cu-Ag-Zr,,,,,,,,,,,,,,,
Alloy_None_001,Zn-Cu-Ag-Zr,,,,,,,,,,,,,,,
Alloy_None_001,Zn-Cu-Ag-Zr,,,,,,,,,,,,,,,
Alloy_None_001,Zn-Cu-Ag-Zr,,,,,,,,,,,,,,,
Alloy_None_001,Zn-Cu-Ag-Zr,,,,,,,,,,,,,,,
Alloy_None_001,Zn-Cu-Ag-Zr,,,,,,,,,,,,,,,
Alloy_None_001,Zn-Cu-Ag-Zr,,,,,,,,,,,,,,,
Alloy_None_001,Zn-Cu-Ag-Zr,,,,,,,,,,,,,,,
Alloy_None_001,Zn-Cu-Ag-Zr,,,,,,,,,,,,,,,
Alloy_None_001,Zn-Cu-Ag-Zr,,,,,,,,,,,,,,,
Alloy_None_001,Zn-Cu-Ag-Zr,,,,,,,,,,,,,,,
Alloy_None_001,Zn-Cu-Ag-Zr,,,,,,,,,,,,,,,
Alloy_None_001,Zn-Cu-Ag-Zr,,,,,,,,,,,,,,,
Alloy_None_001,Zn-Cu-Ag-Zr,,,,,,,,,,,,,,,
Alloy_None_001,Zn-Cu-Ag-Zr,,,,,,,,,,,,,,,
Alloy_None_001,Zn-Cu-Ag-Zr,,,,,,,,,,,,,,,
Alloy_None_001,Zn-Cu-Ag-Zr,,,,,,,,,,,,,,,
Alloy_None_001,Zn-Cu-Ag-Zr,,,,,,,,,,,,,,,
Alloy_None_001,Zn-Cu-Ag-Zr,,,,,,,,,,,,,,,
Alloy_None_001,Zn-Cu-Ag-Zr,,,,,,,,,,,,,,,
Alloy_None_001,Zn-Cu-Ag-Zr,,,,,,,,,,,,,,,
Alloy_None_001,Zn-Cu-Ag-Zr,,,,,,,,,,,,,,,
Alloy_None_001,Zn-Cu-Ag-Zr,,,,,,,,,,,,,,,
Alloy_None_001,Zn-Cu-Ag-Zr,,,,,,,,,,,,,,,
Alloy_None_001,Zn-Cu-Ag-Zr,,,,,,,,,,,,,,,
Alloy_None_001,Zn-Cu-Ag-Zr,,,,,,,,,,,,,,,
Alloy_None_001,Zn-Cu-Ag-Zr,,,,,,,,,,,,,,,
Alloy_None_001,Zn-Cu-Ag-Zr,,,,,,,,,,,,,,,
Alloy_None_001,Zn-Cu-Ag-Zr,,,,,,,,,,,,,,,
Alloy_None_001,Zn-Cu-Ag-Zr,,,,,,,,,,,,,,,
Alloy_None_001,Zn-Cu-Ag-Zr,,,,,,,,,,,,,,,
Alloy_None_001,Zn-Cu-Ag-Zr,,,,,,,,,,,,,,,
Alloy_None_001,Zn-Cu-Ag-Zr,,,,,,,,,,,,,,,
Alloy_None_001,Zn-Cu-Ag-Zr,,,,,,,,,,,,,,,
Alloy_None_001,Zn-Cu-Ag-Zr,,,,,,,,,,,,,,,
Alloy_None_001,Zn-Cu-Ag-Zr,,,,,,,244.83,218.14,64.5,,,,,,
Alloy_None_001,Zn-Cu-Ag-Zr,,,,,,,244.83,218.14,64.5,,,,,,
Alloy_None_001,Zn-Cu-Ag-Zr,,,,,,,244.83,218.14,64.5,,,,,,
Alloy_None_001,Zn-Cu-Ag-Zr,,,,,,,244.83,218.14,64.5,,,,,,
Alloy_None_001,Zn-Cu-Ag-Zr,,,,,,,244.83,218.14,64.5,,,,,,
Alloy_None_001,Zn-Cu-Ag-Zr,,,,,,,244.83,218.14,64.5,,,,,,
Alloy_None_001,Zn-Cu-Ag-Zr,,,,,,,244.83,218.14,64.5,,,,,,
Alloy_None_001,Zn-Cu-Ag-Zr,,,,,,,244.83,218.14,64.5,,,,,,
Alloy_None_001,Zn-Cu-Ag-Zr,,,,,,,244.83,218.14,64.5,,,,,,
Alloy_None_001,Zn-Cu-Ag-Zr,,,,,,,244.83,218.14,64.5,,,,,,
Alloy_None_001,Zn-Cu-Ag-Zr,,,,,1.5,1.0,,,,,,,,,
Alloy_None_001,Zn-Cu-Ag-Zr,,,,,1.5,1.0,,,,,,,,,
Alloy_None_001,Zn-Cu-Ag-Zr,,,,,1.5,1.0,,,,,,,,,
Alloy_None_001,Zn-Cu-Ag-Zr,,,,,1.5,1.0,,,,,,,,,
Alloy_None_001,Zn-Cu-Ag-Zr,,,,,1.5,1.0,,,,,,,,,
Alloy_None_001,Zn-Cu-Ag-Zr,,,,,1.5,1.0,,,,,,,,,
Alloy_None_001,Zn-Cu-Ag-Zr,,,,,1.5,1.0,,,,,,,,,
Alloy_None_001,Zn-Cu-Ag-Zr,,,,,1.5,1.0,,,,,,,,,
Alloy_None_001,Zn-Cu-Ag-Zr,,,,,1.5,1.0,,,,,,,,,
Alloy_None_001,Zn-Cu-Ag-Zr,,,,,1.5,1.0,,,,,,,,,
Alloy_None_001,Zn-Cu-Ag-Zr,,,,,1.5,1.0,,,,,,,,,
Alloy_None_001,Zn-Cu-Ag-Zr,,,,,1.5,1.0,,,,,,,,,
Alloy_None_001,Zn-Cu-Ag-Zr,,,,,1.5,1.0,,,,,,,,,
Alloy_None_001,Zn-Cu-Ag-Zr,,,,,1.5,1.0,,,,,,,,,
Alloy_None_001,Zn-Cu-Ag-Zr,,,,,1.5,1.0,,,,,,,,,
Alloy_None_001,Zn-Cu-Ag-Zr,,,,,1.5,1.0,,,,,,,,,
Alloy_None_001,Zn-Cu-Ag-Zr,,,,,1.5,1.0,,,,,,,,,
Alloy_None_001,Zn-Cu-Ag-Zr,,,,,1.5,1.0,,,,,,,,,
Alloy_None_001,Zn-Cu-Ag-Zr,,,,,1.5,1.0,,,,,,,,,
Alloy_None_001,Zn-Cu-Ag-Zr,,,,,1.5,1.0,,,,,,,,,
Alloy_None_001,Zn-Cu-Ag-Zr,,,,,1.5,1.0,,,,,,,,,
Alloy_None_001,Zn-Cu-Ag-Zr,,,,,1.5,1.0,,,,,,,,,
Alloy_None_001,Zn-Cu-Ag-Zr,,,,,1.5,1.0,,,,,,,,,
Alloy_None_001,Zn-Cu-Ag-Zr,,,,,1.5,1.0,,,,,,,,,
Alloy_None_001,Zn-Cu-Ag-Zr,,,,,1.5,1.0,,,,,,,,,
Alloy_None_001,Zn-Cu-Ag-Zr,,,,,1.5,1.0,,,,,,,,,
Alloy_None_001,Zn-Cu-Ag-Zr,,,,,1.5,1.0,,,,,,,,,
Alloy_None_001,Zn-Cu-Ag-Zr,,,,,1.5,1.0,,,,,,,,,
Alloy_None_001,Zn-Cu-Ag-Zr,,,,,1.5,1.0,,,,,,,,,
Alloy_None_001,Zn-Cu-Ag-Zr,,,,,1.5,1.0,,,,,,,,,
Alloy_None_001,Zn-Cu-Ag-Zr,,,,,1.5,1.0,,,,,,,,,
Alloy_None_001,Zn-Cu-Ag-Zr,,,,,1.5,1.0,,,,,,,,,
Alloy_None_001,Zn-Cu-Ag-Zr,,,,,1.5,1.0,,,,,,,,,
Alloy_None_001,Zn-Cu-Ag-Zr,,,,,1.5,1.0,,,,,,,,,
Alloy_None_001,Zn-Cu-Ag-Zr,,,,,1.5,1.0,,,,,,,,,
Alloy_None_001,Zn-Cu-Ag-Zr,,,,,1.5,1.0,,,,,,,,,
Alloy_None_001,Zn-Cu-Ag-Zr,,,,,1.5,1.0,,,,,,,,,
Alloy_None_001,Zn-Cu-Ag-Zr,,,,,1.5,1.0,,,,,,,,,
Alloy_None_001,Zn-Cu-Ag-Zr,,,,,1.5,1.0,,,,,,,,,
Alloy_None_001,Zn-Cu-Ag-Zr,,,,,1.5,1.0,,,,,,,,,
Alloy_None_001,Zn-Cu-Ag-Zr,,,,,1.5,1.0,,,,,,,,,
Alloy_None_001,Zn-Cu-Ag-Zr,,,,,1.5,1.0,,,,,,,,,
Alloy_None_001,Zn-Cu-Ag-Zr,,,,,1.5,1.0,,,,,,,,,
Alloy_None_001,Zn-Cu-Ag-Zr,,,,,1.5,1.0,,,,,,,,,
Alloy_None_001,Zn-Cu-Ag-Zr,,,,,1.5,1.0,,,,,,,,,
Alloy_None_001,Zn-Cu-Ag-Zr,,,,,1.5,1.0,,,,,,,,,
Alloy_None_001,Zn-Cu-Ag-Zr,,,,,1.5,1.0,,,,,,,,,
Alloy_None_001,Zn-Cu-Ag-Zr,,,,,1.5,1.0,,,,,,,,,
Alloy_None_001,Zn-Cu-Ag-Zr,,,,,1.5,1.0,,,,,,,,,
Alloy_None_001,Zn-Cu-Ag-Zr,,,,,1.5,1.0,,,,,,,,,
Alloy_None_001,Zn-Cu-Ag-Zr,,,,,1.5,1.0,,,,,,,,,
Alloy_None_001,Zn-Cu-Ag-Zr,,,,,1.5,1.0,,,,,,,,,
Alloy_None_001,Zn-Cu-Ag-Zr,,,,,1.5,1.0,,,,,,,,,
Alloy_None_001,Zn-Cu-Ag-Zr,,,,,1.5,1.0,,,,,,,,,
Alloy_None_001,Zn-Cu-Ag-Zr,,,,,1.5,1.0,,,,,,,,,
Alloy_None_001,Zn-Cu-Ag-Zr,,,,,1.5,1.0,,,,,,,,,
Alloy_None_001,Zn-Cu-Ag-Zr,,,,,1.5,1.0,,,,,,,,,
Alloy_None_001,Zn-Cu-Ag-Zr,,,,,1.5,1.0,,,,,,,,,
Alloy_None_001,Zn-Cu-Ag-Zr,,,,,1.5,1.0,,,,,,,,,
Alloy_None_001,Zn-Cu-Ag-Zr,,,,,1.5,1.0,,,,,,,,,
Alloy_None_001,Zn-Cu-Ag-Zr,,,,,1.5,1.0,,,,,,,,,
Alloy_None_001,Zn-Cu-Ag-Zr,,,,,1.5,1.0,,,,,,,,,
Alloy_None_001,Zn-Cu-Ag-Zr,,,,,1.5,1.0,,,,,,,,,
Alloy_None_001,Zn-Cu-Ag-Zr,,,,,1.5,1.0,,,,,,,,,
Alloy_None_001,Zn-Cu-Ag-Zr,,,,,1.5,1.0,,,,,,,,,
Alloy_None_001,Zn-Cu-Ag-Zr,,,,,1.5,1.0,,,,,,,,,
Alloy_None_001,Zn-Cu-Ag-Zr,,,,,1.5,1.0,,,,,,,,,
Alloy_None_001,Zn-Cu-Ag-Zr,,,,,1.5,1.0,,,,,,,,,
Alloy_None_001,Zn-Cu-Ag-Zr,,,,,1.5,1.0,,,,,,,,,
Alloy_None_001,Zn-Cu-Ag-Zr,,,,,1.5,1.0,,,,,,,,,
Alloy_None_001,Zn-Cu-Ag-Zr,,,,,1.5,1.0,,,,,,,,,
Alloy_None_001,Zn-Cu-Ag-Zr,,,,,1.5,1.0,,,,,,,,,
Alloy_None_001,Zn-Cu-Ag-Zr,,,,,1.5,1.0,,,,,,,,,
Alloy_None_001,Zn-Cu-Ag-Zr,,,,,1.5,1.0,,,,,,,,,
Alloy_None_001,Zn-Cu-Ag-Zr,,,,,1.5,1.0,,,,,,,,,
Alloy_None_001,Zn-Cu-Ag-Zr,,,,,1.5,1.0,,,,,,,,,
Alloy_None_001,Zn-Cu-Ag-Zr,,,,,1.5,1.0,,,,,,,,,
Alloy_None_001,Zn-Cu-Ag-Zr,,,,,1.5,1.0,,,,,,,,,
Alloy_None_001,Zn-Cu-Ag-Zr,,,,,1.5,1.0,,,,,,,,,
Alloy_None_001,Zn-Cu-Ag-Zr,,,,,1.5,1.0,,,,,,,,,
Alloy_None_001,Zn-Cu-Ag-Zr,,,,,1.5,1.0,,,,,,,,,
Alloy_None_001,Zn-Cu-Ag-Zr,,,,,1.5,1.0,,,,,,,,,
Alloy_None_001,Zn-Cu-Ag-Zr,,,,,1.5,1.0,,,,,,,,,
Alloy_None_001,Zn-Cu-Ag-Zr,,,,,1.5,1.0,,,,,,,,,
Alloy_None_001,Zn-Cu-Ag-Zr,,,,,1.5,1.0,,,,,,,,,
Alloy_None_001,Zn-Cu-Ag-Zr,,,,,1.5,1.0,,,,,,,,,
Alloy_None_001,Zn-Cu-Ag-Zr,,,,,1.5,1.0,,,,,,,,,
Alloy_None_001,Zn-Cu-Ag-Zr,,,,,1.5,1.0,,,,,,,,,
Alloy_None_001,Zn-Cu-Ag-Zr,,,,,1.5,1.0,,,,,,,,,
Alloy_None_001,Zn-Cu-Ag-Zr,,,,,1.5,1.0,,,,,,,,,
Alloy_None_001,Zn-Cu-Ag-Zr,,,,,1.5,1.0,244.83,218.14,64.5,,,,,,
Alloy_None_001,Zn-Cu-Ag-Zr,,,,,1.5,1.0,244.83,218.14,64.5,,,,,,
Alloy_None_001,Zn-Cu-Ag-Zr,,,,,1.5,1.0,244.83,218.14,64.5,,,,,,
Alloy_None_001,Zn-Cu-Ag-Zr,,,,,1.5,1.0,244.83,218.14,64.5,,,,,,
Alloy_None_001,Zn-Cu-Ag-Zr,,,,,1.5,1.0,244.83,218.14,64.5,,,,,,
Alloy_None_001,Zn-Cu-Ag-Zr,,,,,1.5,1.0,244.83,218.14,64.5,,,,,,
Alloy_None_001,Zn-Cu-Ag-Zr,,,,,1.5,1.0,244.83,218.14,64.5,,,,,,
Alloy_None_001,Zn-Cu-Ag-Zr,,,,,1.5,1.0,244.83,218.14,64.5,,,,,,
Alloy_None_001,Zn-Cu-Ag-Zr,,,,,1.5,1.0,244.83,218.14,64.5,,,,,,
Alloy_None_001,Zn-Cu-Ag-Zr,,,,,1.5,1.0,244.83,218.14,64.5,,,,,,
Zn85.0Al15.0_None_001,Zn-Al,,85.0,,15.0,,,,,,,,,275.0,,
Alloy_2017_001,Zn-Cu-Ti,2017,,,,,,,,,,,,,,
Al-Zn-Mg-Cu_001,Al-Zn-Mg-Cu,2022,,,,,,,,,,,,,,
Al-Zn-Mg-Cu_001,Al-Zn-Mg-Cu,2022,,,,,,,,,,,,,,
Al-Zn-Mg-Cu_001,Al-Zn-Mg-Cu,2022,,,,,,,,,,,,,,
Al-Zn-Mg-Cu_001,Al-Zn-Mg-Cu,2022,,,,,,,,,,,,,,
Al-Zn-Mg-Cu_001,Al-Zn-Mg-Cu,2022,,,,,,,,,,,water-cooled copper casting,,,
Al-Zn-Mg-Cu_001,Al-Zn-Mg-Cu,2022,,,,,,,,,,,water-cooled copper casting,,,
Al-Zn-Mg-Cu_001,Al-Zn-Mg-Cu,2022,,,,,,,,,,,water-cooled copper casting (基于Section 6推测),,,
Al-Zn-Mg-Cu_001,Al-Zn-Mg-Cu,2022,,,,,,,,,,,,,,
Al-Zn-Mg-Cu_001,Al-Zn-Mg-Cu,2022,,,,,,,,,,,,,,
Al-Zn-Mg-Cu_001,Al-Zn-Mg-Cu,2022,,,,,,,,,,,,,,
Al-Zn-Mg-Cu_001,Al-Zn-Mg-Cu,2022,,,,,,,,,,,,,,
Al-Zn-Mg-Cu_001,Al-Zn-Mg-Cu,2022,,,,,,,,,,,water-cooled copper casting,,,
Al-Zn-Mg-Cu_001,Al-Zn-Mg-Cu,2022,,,,,,,,,,,water-cooled copper casting,,,
Al-Zn-Mg-Cu_001,Al-Zn-Mg-Cu,2022,,,,,,,,,,,water-cooled copper casting (基于Section 6推测),,,
Al-Zn-Mg-Cu_001,Al-Zn-Mg-Cu,2022,,,,,,,,,,,,,,
Al-Zn-Mg-Cu_001,Al-Zn-Mg-Cu,2022,,,,,,,,,,,,,,
Al-Zn-Mg-Cu_001,Al-Zn-Mg-Cu,2022,,,,,,,,,,,,,,
Al-Zn-Mg-Cu_001,Al-Zn-Mg-Cu,2022,,,,,,,,,,,,,,
Al-Zn-Mg-Cu_001,Al-Zn-Mg-Cu,2022,,,,,,,,,,,water-cooled copper casting,,,
Al-Zn-Mg-Cu_001,Al-Zn-Mg-Cu,2022,,,,,,,,,,,water-cooled copper casting,,,
Al-Zn-Mg-Cu_001,Al-Zn-Mg-Cu,2022,,,,,,,,,,,water-cooled copper casting (基于Section 6推测),,,
Al-Zn-Mg-Cu_001,Al-Zn-Mg-Cu,2022,,,,,,,,,,,,,,
Al-Zn-Mg-Cu_001,Al-Zn-Mg-Cu,2022,,,,,,,,,,,,,,
Al-Zn-Mg-Cu_001,Al-Zn-Mg-Cu,2022,,,,,,,,,,,,,,
Al-Zn-Mg-Cu_001,Al-Zn-Mg-Cu,2022,,,,,,,,,,,,,,
Al-Zn-Mg-Cu_001,Al-Zn-Mg-Cu,2022,,,,,,,,,,,water-cooled copper casting,,,
Al-Zn-Mg-Cu_001,Al-Zn-Mg-Cu,2022,,,,,,,,,,,water-cooled copper casting,,,
Al-Zn-Mg-Cu_001,Al-Zn-Mg-Cu,2022,,,,,,,,,,,water-cooled copper casting (基于Section 6推测),,,
Al-Zn-Mg-Cu_001,Al-Zn-Mg-Cu,2022,,,,,,,,,,,,,,
Al-Zn-Mg-Cu_001,Al-Zn-Mg-Cu,2022,,,,,,,,,,,,,,
Al-Zn-Mg-Cu_001,Al-Zn-Mg-Cu,2022,,,,,,,,,,,,,,
Al-Zn-Mg-Cu_001,Al-Zn-Mg-Cu,2022,,,,,,,,,,,,,,
Al-Zn-Mg-Cu_001,Al-Zn-Mg-Cu,2022,,,,,,,,,,,water-cooled copper casting,,,
Al-Zn-Mg-Cu_001,Al-Zn-Mg-Cu,2022,,,,,,,,,,,water-cooled copper casting,,,
Al-Zn-Mg-Cu_001,Al-Zn-Mg-Cu,2022,,,,,,,,,,,water-cooled copper casting (基于Section 6推测),,,
Al-Zn-Mg-Cu_001,Al-Zn-Mg-Cu,2022,,,,,,,,,,,,,,
Al-Zn-Mg-Cu_001,Al-Zn-Mg-Cu,2022,,,,,,,,,,,,,,
Al-Zn-Mg-Cu_001,Al-Zn-Mg-Cu,2022,,,,,,,,,,,,,,
Al-Zn-Mg-Cu_001,Al-Zn-Mg-Cu,2022,,,,,,,,,,,,,,
Al-Zn-Mg-Cu_001,Al-Zn-Mg-Cu,2022,,,,,,,,,,,water-cooled copper casting,,,
Al-Zn-Mg-Cu_001,Al-Zn-Mg-Cu,2022,,,,,,,,,,,water-cooled copper casting,,,
Al-Zn-Mg-Cu_001,Al-Zn-Mg-Cu,2022,,,,,,,,,,,water-cooled copper casting (基于Section 6推测),,,
Al-Zn-Mg-Cu_001,Al-Zn-Mg-Cu,2022,,,,,,,,,,,,,,
Al-Zn-Mg-Cu_001,Al-Zn-Mg-Cu,2022,,,,,,,,,,,,,,
Al-Zn-Mg-Cu_001,Al-Zn-Mg-Cu,2022,,,,,,,,,,,,,,
Al-Zn-Mg-Cu_001,Al-Zn-Mg-Cu,2022,,,,,,,,,,,,,,
Al-Zn-Mg-Cu_001,Al-Zn-Mg-Cu,2022,,,,,,,,,,,water-cooled copper casting,,,
Al-Zn-Mg-Cu_001,Al-Zn-Mg-Cu,2022,,,,,,,,,,,water-cooled copper casting,,,
Al-Zn-Mg-Cu_001,Al-Zn-Mg-Cu,2022,,,,,,,,,,,water-cooled copper casting (基于Section 6推测),,,
Al-Zn-Mg-Cu_001,Al-Zn-Mg-Cu,2022,,,,,,,,,,,,,,
Al-Zn-Mg-Cu_001,Al-Zn-Mg-Cu,2022,,,,,,,,,,,,,,
Al-Zn-Mg-Cu_001,Al-Zn-Mg-Cu,2022,,,,,,,,,,,,,,
Al-Zn-Mg-Cu_001,Al-Zn-Mg-Cu,2022,,,,,,,,,,,,,,
Al-Zn-Mg-Cu_001,Al-Zn-Mg-Cu,2022,,,,,,,,,,,water-cooled copper casting,,,
Al-Zn-Mg-Cu_001,Al-Zn-Mg-Cu,2022,,,,,,,,,,,water-cooled copper casting,,,
Al-Zn-Mg-Cu_001,Al-Zn-Mg-Cu,2022,,,,,,,,,,,water-cooled copper casting (基于Section 6推测),,,
Al-Zn-Mg-Cu_001,Al-Zn-Mg-Cu,2022,,,,,,,,,,,,,,
Al-Zn-Mg-Cu_001,Al-Zn-Mg-Cu,2022,,,,,,,,,,,,,,
Al-Zn-Mg-Cu_001,Al-Zn-Mg-Cu,2022,,,,,,,,,,,,,,
Al-Zn-Mg-Cu_001,Al-Zn-Mg-Cu,2022,,,,,,,,,,,,,,
Al-Zn-Mg-Cu_001,Al-Zn-Mg-Cu,2022,,,,,,,,,,,water-cooled copper casting,,,
Al-Zn-Mg-Cu_001,Al-Zn-Mg-Cu,2022,,,,,,,,,,,water-cooled copper casting,,,
Al-Zn-Mg-Cu_001,Al-Zn-Mg-Cu,2022,,,,,,,,,,,water-cooled copper casting (基于Section 6推测),,,
Al-Zn-Mg-Cu_001,Al-Zn-Mg-Cu,2022,,,,,,,,,,,,,,
Al-Zn-Mg-Cu_001,Al-Zn-Mg-Cu,2022,,,,,,,,,,,,,,
Al-Zn-Mg-Cu_001,Al-Zn-Mg-Cu,2022,,,,,,,,,,,,,,
Al-Zn-Mg-Cu_001,Al-Zn-Mg-Cu,2022,,,,,,,,,,,,,,
Al-Zn-Mg-Cu_001,Al-Zn-Mg-Cu,2022,,,,,,,,,,,water-cooled copper casting,,,
Al-Zn-Mg-Cu_001,Al-Zn-Mg-Cu,2022,,,,,,,,,,,water-cooled copper casting,,,
Al-Zn-Mg-Cu_001,Al-Zn-Mg-Cu,2022,,,,,,,,,,,water-cooled copper casting (基于Section 6推测),,,
Al-Zn-Mg-Cu_001,Al-Zn-Mg-Cu,2022,,,,,,,,,,,,,,
Al-Zn-Mg-Cu_001,Al-Zn-Mg-Cu,2022,,,,,,,,,,,,,,
Al-Zn-Mg-Cu_001,Al-Zn-Mg-Cu,2022,,,,,,,,,,,,,,
Al-Zn-Mg-Cu_001,Al-Zn-Mg-Cu,2022,,,,,,,,,,,,,,
Al-Zn-Mg-Cu_001,Al-Zn-Mg-Cu,2022,,,,,,,,,,,water-cooled copper casting,,,
Al-Zn-Mg-Cu_001,Al-Zn-Mg-Cu,2022,,,,,,,,,,,water-cooled copper casting,,,
Al-Zn-Mg-Cu_001,Al-Zn-Mg-Cu,2022,,,,,,,,,,,water-cooled copper casting (基于Section 6推测),,,
Al-Zn-Mg-Cu_001,Al-Zn-Mg-Cu,2022,,,,,,,,,,,,,,
Al-Zn-Mg-Cu_001,Al-Zn-Mg-Cu,2022,,,,,,,,,,,,,,
Al-Zn-Mg-Cu_001,Al-Zn-Mg-Cu,2022,,,,,,,,,,,,,,
Al-Zn-Mg-Cu_001,Al-Zn-Mg-Cu,2022,,,,,,,,,,,,,,
Al-Zn-Mg-Cu_001,Al-Zn-Mg-Cu,2022,,,,,,,,,,,water-cooled copper casting,,,
Al-Zn-Mg-Cu_001,Al-Zn-Mg-Cu,2022,,,,,,,,,,,water-cooled copper casting,,,
Al-Zn-Mg-Cu_001,Al-Zn-Mg-Cu,2022,,,,,,,,,,,water-cooled copper casting (基于Section 6推测),,,
Al-Zn-Mg-Cu_001,Al-Zn-Mg-Cu,2022,,,,,,,,,,,,,,
Al-Zn-Mg-Cu_001,Al-Zn-Mg-Cu,2022,,,,,,,,,,,,,,
Al-Zn-Mg-Cu_001,Al-Zn-Mg-Cu,2022,,,,,,,,,,,,,,
Al-Zn-Mg-Cu_001,Al-Zn-Mg-Cu,2022,,,,,,,,,,,,,,
Al-Zn-Mg-Cu_001,Al-Zn-Mg-Cu,2022,,,,,,,,,,,water-cooled copper casting,,,
Al-Zn-Mg-Cu_001,Al-Zn-Mg-Cu,2022,,,,,,,,,,,water-cooled copper casting,,,
Al-Zn-Mg-Cu_001,Al-Zn-Mg-Cu,2022,,,,,,,,,,,water-cooled copper casting (基于Section 6推测),,,
Al-Zn-Mg-Cu_001,Al-Zn-Mg-Cu,2022,,,,,,,,,,,,,,
Al-Zn-Mg-Cu_001,Al-Zn-Mg-Cu,2022,,,,,,,,,,,,,,
Al-Zn-Mg-Cu_001,Al-Zn-Mg-Cu,2022,,,,,,,,,,,,,,
Al-Zn-Mg-Cu_001,Al-Zn-Mg-Cu,2022,,,,,,,,,,,,,,
Al-Zn-Mg-Cu_001,Al-Zn-Mg-Cu,2022,,,,,,,,,,,water-cooled copper casting,,,
Al-Zn-Mg-Cu_001,Al-Zn-Mg-Cu,2022,,,,,,,,,,,water-cooled copper casting,,,
Al-Zn-Mg-Cu_001,Al-Zn-Mg-Cu,2022,,,,,,,,,,,water-cooled copper casting (基于Section 6推测),,,
Al-Zn-Mg-Cu_001,Al-Zn-Mg-Cu,2022,,,,,,,,,,,,,,
Al-Zn-Mg-Cu_001,Al-Zn-Mg-Cu,2022,,,,,,,,,,,,,,
Al-Zn-Mg-Cu_001,Al-Zn-Mg-Cu,2022,,,,,,,,,,,,,,
Al-Zn-Mg-Cu_001,Al-Zn-Mg-Cu,2022,,,,,,,,,,,,,,
Al-Zn-Mg-Cu_001,Al-Zn-Mg-Cu,2022,,,,,,,,,,,water-cooled copper casting,,,
Al-Zn-Mg-Cu_001,Al-Zn-Mg-Cu,2022,,,,,,,,,,,water-cooled copper casting,,,
Al-Zn-Mg-Cu_001,Al-Zn-Mg-Cu,2022,,,,,,,,,,,water-cooled copper casting (基于Section 6推测),,,
Al-Zn-Mg-Cu_001,Al-Zn-Mg-Cu,2022,,,,,,,,,,,,,,
Al-Zn-Mg-Cu_001,Al-Zn-Mg-Cu,2022,,,,,,,,,,,,,,
Al-Zn-Mg-Cu_001,Al-Zn-Mg-Cu,2022,,,,,,,,,,,,,,
Al-Zn-Mg-Cu_001,Al-Zn-Mg-Cu,2022,,,,,,,,,,,,,,
Al-Zn-Mg-Cu_001,Al-Zn-Mg-Cu,2022,,,,,,,,,,,water-cooled copper casting,,,
Al-Zn-Mg-Cu_001,Al-Zn-Mg-Cu,2022,,,,,,,,,,,water-cooled copper casting,,,
Al-Zn-Mg-Cu_001,Al-Zn-Mg-Cu,2022,,,,,,,,,,,water-cooled copper casting (基于Section 6推测),,,
Al-Zn-Mg-Cu_001,Al-Zn-Mg-Cu,2022,,,,,,,,,,,,,,
Al-Zn-Mg-Cu_001,Al-Zn-Mg-Cu,2022,,,,,,,,,,,,,,
Al-Zn-Mg-Cu_001,Al-Zn-Mg-Cu,2022,,,,,,,,,,,,,,
Al-Zn-Mg-Cu_001,Al-Zn-Mg-Cu,2022,,,,,,,,,,,,,,
Al-Zn-Mg-Cu_001,Al-Zn-Mg-Cu,2022,,,,,,,,,,,water-cooled copper casting,,,
Al-Zn-Mg-Cu_001,Al-Zn-Mg-Cu,2022,,,,,,,,,,,water-cooled copper casting,,,
Al-Zn-Mg-Cu_001,Al-Zn-Mg-Cu,2022,,,,,,,,,,,water-cooled copper casting (基于Section 6推测),,,
Al-Zn-Mg-Cu_001,Al-Zn-Mg-Cu,2022,,,,,,,,,,,,,,
Al-Zn-Mg-Cu_001,Al-Zn-Mg-Cu,2022,,,,,,,,,,,,,,
Al-Zn-Mg-Cu_001,Al-Zn-Mg-Cu,2022,,,,,,,,,,,,,,
Al-Zn-Mg-Cu_001,Al-Zn-Mg-Cu,2022,,,,,,,,,,,,,,
Al-Zn-Mg-Cu_001,Al-Zn-Mg-Cu,2022,,,,,,,,,,,water-cooled copper casting,,,
Al-Zn-Mg-Cu_001,Al-Zn-Mg-Cu,2022,,,,,,,,,,,water-cooled copper casting,,,
Al-Zn-Mg-Cu_001,Al-Zn-Mg-Cu,2022,,,,,,,,,,,water-cooled copper casting (基于Section 6推测),,,
Al-Zn-Mg-Cu_001,Al-Zn-Mg-Cu,2022,,,,,,,,,,,,,,
Al-Zn-Mg-Cu_001,Al-Zn-Mg-Cu,2022,,,,,,,,,,,,,,
Al-Zn-Mg-Cu_001,Al-Zn-Mg-Cu,2022,,,,,,,,,,,,,,
Al-Zn-Mg-Cu_001,Al-Zn-Mg-Cu,2022,,,,,,,,,,,,,,
Al-Zn-Mg-Cu_001,Al-Zn-Mg-Cu,2022,,,,,,,,,,,water-cooled copper casting,,,
Al-Zn-Mg-Cu_001,Al-Zn-Mg-Cu,2022,,,,,,,,,,,water-cooled copper casting,,,
Al-Zn-Mg-Cu_001,Al-Zn-Mg-Cu,2022,,,,,,,,,,,water-cooled copper casting (基于Section 6推测),,,
Al-Zn-Mg-Cu_001,Al-Zn-Mg-Cu,2022,,,,,,,,,,,,,,
Al-Zn-Mg-Cu_001,Al-Zn-Mg-Cu,2022,,,,,,,,,,,,,,
Al-Zn-Mg-Cu_001,Al-Zn-Mg-Cu,2022,,,,,,,,,,,,,,
Al-Zn-Mg-Cu_001,Al-Zn-Mg-Cu,2022,,,,,,,,,,,,,,
Al-Zn-Mg-Cu_001,Al-Zn-Mg-Cu,2022,,,,,,,,,,,water-cooled copper casting,,,
Al-Zn-Mg-Cu_001,Al-Zn-Mg-Cu,2022,,,,,,,,,,,water-cooled copper casting,,,
Al-Zn-Mg-Cu_001,Al-Zn-Mg-Cu,2022,,,,,,,,,,,water-cooled copper casting (基于Section 6推测),,,
Al-Zn-Mg-Cu_001,Al-Zn-Mg-Cu,2022,,,,,,,,,,,,,,
Al-Zn-Mg-Cu_001,Al-Zn-Mg-Cu,2022,,,,,,,,,,,,,,
Al-Zn-Mg-Cu_001,Al-Zn-Mg-Cu,2022,,,,,,,,,,,,,,
Al-Zn-Mg-Cu_001,Al-Zn-Mg-Cu,2022,,,,,,,,,,,,,,
Al-Zn-Mg-Cu_001,Al-Zn-Mg-Cu,2022,,,,,,,,,,,water-cooled copper casting,,,
Al-Zn-Mg-Cu_001,Al-Zn-Mg-Cu,2022,,,,,,,,,,,water-cooled copper casting,,,
Al-Zn-Mg-Cu_001,Al-Zn-Mg-Cu,2022,,,,,,,,,,,water-cooled copper casting (基于Section 6推测),,,
Al-Zn-Mg-Cu_001,Al-Zn-Mg-Cu,2022,,,,,,,,,,,,,,
Al-Zn-Mg-Cu_001,Al-Zn-Mg-Cu,2022,,,,,,,,,,,,,,
Al-Zn-Mg-Cu_001,Al-Zn-Mg-Cu,2022,,,,,,,,,,,,,,
Al-Zn-Mg-Cu_001,Al-Zn-Mg-Cu,2022,,,,,,,,,,,,,,
Al-Zn-Mg-Cu_001,Al-Zn-Mg-Cu,2022,,,,,,,,,,,water-cooled copper casting,,,
Al-Zn-Mg-Cu_001,Al-Zn-Mg-Cu,2022,,,,,,,,,,,water-cooled copper casting,,,
Al-Zn-Mg-Cu_001,Al-Zn-Mg-Cu,2022,,,,,,,,,,,water-cooled copper casting (基于Section 6推测),,,
Al-Zn-Mg-Cu_001,Al-Zn-Mg-Cu,2022,,,,,,,,,,,,,,
Al-Zn-Mg-Cu_001,Al-Zn-Mg-Cu,2022,,,,,,,,,,,,,,
Al-Zn-Mg-Cu_001,Al-Zn-Mg-Cu,2022,,,,,,,,,,,,,,
Al-Zn-Mg-Cu_001,Al-Zn-Mg-Cu,2022,,,,,,,,,,,,,,
Al-Zn-Mg-Cu_001,Al-Zn-Mg-Cu,2022,,,,,,,,,,,water-cooled copper casting,,,
Al-Zn-Mg-Cu_001,Al-Zn-Mg-Cu,2022,,,,,,,,,,,water-cooled copper casting,,,
Al-Zn-Mg-Cu_001,Al-Zn-Mg-Cu,2022,,,,,,,,,,,water-cooled copper casting (基于Section 6推测),,,
Al-Zn-Mg-Cu_001,Al-Zn-Mg-Cu,2022,,,,,,,,,,,,,,
Al-Zn-Mg-Cu_001,Al-Zn-Mg-Cu,2022,,,,,,,,,,,,,,
Al-Zn-Mg-Cu_001,Al-Zn-Mg-Cu,2022,,,,,,,,,,,,,,
Al-Zn-Mg-Cu_001,Al-Zn-Mg-Cu,2022,,,,,,,,,,,,,,
Al-Zn-Mg-Cu_001,Al-Zn-Mg-Cu,2022,,,,,,,,,,,water-cooled copper casting,,,
Al-Zn-Mg-Cu_001,Al-Zn-Mg-Cu,2022,,,,,,,,,,,water-cooled copper casting,,,
Al-Zn-Mg-Cu_001,Al-Zn-Mg-Cu,2022,,,,,,,,,,,water-cooled copper casting (基于Section 6推测),,,
Al-Zn-Mg-Cu_001,Al-Zn-Mg-Cu,2022,,,,,,,,,,,,,,
Al-Zn-Mg-Cu_001,Al-Zn-Mg-Cu,2022,,,,,,,,,,,,,,
Al-Zn-Mg-Cu_001,Al-Zn-Mg-Cu,2022,,,,,,,,,,,,,,
Al-Zn-Mg-Cu_001,Al-Zn-Mg-Cu,2022,,,,,,,,,,,,,,
Al-Zn-Mg-Cu_001,Al-Zn-Mg-Cu,2022,,,,,,,,,,,water-cooled copper casting,,,
Al-Zn-Mg-Cu_001,Al-Zn-Mg-Cu,2022,,,,,,,,,,,water-cooled copper casting,,,
Al-Zn-Mg-Cu_001,Al-Zn-Mg-Cu,2022,,,,,,,,,,,water-cooled copper casting (基于Section 6推测),,,
Al-Zn-Mg-Cu_001,Al-Zn-Mg-Cu,2022,,,,,,,,,,,,,,
Al-Zn-Mg-Cu_001,Al-Zn-Mg-Cu,2022,,,,,,,,,,,,,,
Al-Zn-Mg-Cu_001,Al-Zn-Mg-Cu,2022,,,,,,,,,,,,,,
Al-Zn-Mg-Cu_001,Al-Zn-Mg-Cu,2022,,,,,,,,,,,,,,
Al-Zn-Mg-Cu_001,Al-Zn-Mg-Cu,2022,,,,,,,,,,,water-cooled copper casting,,,
Al-Zn-Mg-Cu_001,Al-Zn-Mg-Cu,2022,,,,,,,,,,,water-cooled copper casting,,,
Al-Zn-Mg-Cu_001,Al-Zn-Mg-Cu,2022,,,,,,,,,,,water-cooled copper casting (基于Section 6推测),,,
Al-Zn-Mg-Cu_001,Al-Zn-Mg-Cu,2022,,,,,,,,,,,,,,
Al-Zn-Mg-Cu_001,Al-Zn-Mg-Cu,2022,,,,,,,,,,,,,,
Al-Zn-Mg-Cu_001,Al-Zn-Mg-Cu,2022,,,,,,,,,,,,,,
Al-Zn-Mg-Cu_001,Al-Zn-Mg-Cu,2022,,,,,,,,,,,,,,
Al-Zn-Mg-Cu_001,Al-Zn-Mg-Cu,2022,,,,,,,,,,,water-cooled copper casting,,,
Al-Zn-Mg-Cu_001,Al-Zn-Mg-Cu,2022,,,,,,,,,,,water-cooled copper casting,,,
Al-Zn-Mg-Cu_001,Al-Zn-Mg-Cu,2022,,,,,,,,,,,water-cooled copper casting (基于Section 6推测),,,
Al-Zn-Mg-Cu_001,Al-Zn-Mg-Cu,2022,,,,,,,,,,,,,,
Al-Zn-Mg-Cu_001,Al-Zn-Mg-Cu,2022,,,,,,,,,,,,,,
Al-Zn-Mg-Cu_001,Al-Zn-Mg-Cu,2022,,,,,,,,,,,,,,
Al-Zn-Mg-Cu_001,Al-Zn-Mg-Cu,2022,,,,,,,,,,,,,,
Al-Zn-Mg-Cu_001,Al-Zn-Mg-Cu,2022,,,,,,,,,,,water-cooled copper casting,,,
Al-Zn-Mg-Cu_001,Al-Zn-Mg-Cu,2022,,,,,,,,,,,water-cooled copper casting,,,
Al-Zn-Mg-Cu_001,Al-Zn-Mg-Cu,2022,,,,,,,,,,,water-cooled copper casting (基于Section 6推测),,,
Al-Zn-Mg-Cu_001,Al-Zn-Mg-Cu,2022,,,,,,,,,,,,,,
Al-Zn-Mg-Cu_001,Al-Zn-Mg-Cu,2022,,,,,,,,,,,,,,
Al-Zn-Mg-Cu_001,Al-Zn-Mg-Cu,2022,,,,,,,,,,,,,,
Al-Zn-Mg-Cu_001,Al-Zn-Mg-Cu,2022,,,,,,,,,,,,,,
Al-Zn-Mg-Cu_001,Al-Zn-Mg-Cu,2022,,,,,,,,,,,water-cooled copper casting,,,
Al-Zn-Mg-Cu_001,Al-Zn-Mg-Cu,2022,,,,,,,,,,,water-cooled copper casting,,,
Al-Zn-Mg-Cu_001,Al-Zn-Mg-Cu,2022,,,,,,,,,,,water-cooled copper casting (基于Section 6推测),,,
Al-Zn-Mg-Cu_001,Al-Zn-Mg-Cu,2022,,,,,,,,,,,,,,
Al-Zn-Mg-Cu_001,Al-Zn-Mg-Cu,2022,,,,,,,,,,,,,,
Al-Zn-Mg-Cu_001,Al-Zn-Mg-Cu,2022,,,,,,,,,,,,,,
Al-Zn-Mg-Cu_001,Al-Zn-Mg-Cu,2022,,,,,,,,,,,,,,
Al-Zn-Mg-Cu_001,Al-Zn-Mg-Cu,2022,,,,,,,,,,,water-cooled copper casting,,,
Al-Zn-Mg-Cu_001,Al-Zn-Mg-Cu,2022,,,,,,,,,,,water-cooled copper casting,,,
Al-Zn-Mg-Cu_001,Al-Zn-Mg-Cu,2022,,,,,,,,,,,water-cooled copper casting (基于Section 6推测),,,
Al-Zn-Mg-Cu_001,Al-Zn-Mg-Cu,2022,,,,,,,,,,,,,,
Al-Zn-Mg-Cu_001,Al-Zn-Mg-Cu,2022,,,,,,,,,,,,,,
Al-Zn-Mg-Cu_001,Al-Zn-Mg-Cu,2022,,,,,,,,,,,,,,
Al-Zn-Mg-Cu_001,Al-Zn-Mg-Cu,2022,,,,,,,,,,,,,,
Al-Zn-Mg-Cu_001,Al-Zn-Mg-Cu,2022,,,,,,,,,,,water-cooled copper casting,,,
Al-Zn-Mg-Cu_001,Al-Zn-Mg-Cu,2022,,,,,,,,,,,water-cooled copper casting,,,
Al-Zn-Mg-Cu_001,Al-Zn-Mg-Cu,2022,,,,,,,,,,,water-cooled copper casting (基于Section 6推测),,,
Al-Zn-Mg-Cu_001,Al-Zn-Mg-Cu,2022,,,,,,,,,,,,,,
Al-Zn-Mg-Cu_001,Al-Zn-Mg-Cu,2022,,,,,,,,,,,,,,
Al-Zn-Mg-Cu_001,Al-Zn-Mg-Cu,2022,,,,,,,,,,,,,,
Al-Zn-Mg-Cu_001,Al-Zn-Mg-Cu,2022,,,,,,,,,,,,,,
Al-Zn-Mg-Cu_001,Al-Zn-Mg-Cu,2022,,,,,,,,,,,water-cooled copper casting,,,
Al-Zn-Mg-Cu_001,Al-Zn-Mg-Cu,2022,,,,,,,,,,,water-cooled copper casting,,,
Al-Zn-Mg-Cu_001,Al-Zn-Mg-Cu,2022,,,,,,,,,,,water-cooled copper casting (基于Section 6推测),,,
Al-Zn-Mg-Cu_001,Al-Zn-Mg-Cu,2022,,,,,,,,,,,,,,
Al-Zn-Mg-Cu_001,Al-Zn-Mg-Cu,2022,,,,,,,,,,,,,,
Al-Zn-Mg-Cu_001,Al-Zn-Mg-Cu,2022,,,,,,,,,,,,,,
Al-Zn-Mg-Cu_001,Al-Zn-Mg-Cu,2022,,,,,,,,,,,,,,
Al-Zn-Mg-Cu_001,Al-Zn-Mg-Cu,2022,,,,,,,,,,,water-cooled copper casting,,,
Al-Zn-Mg-Cu_001,Al-Zn-Mg-Cu,2022,,,,,,,,,,,water-cooled copper casting,,,
Al-Zn-Mg-Cu_001,Al-Zn-Mg-Cu,2022,,,,,,,,,,,water-cooled copper casting (基于Section 6推测),,,
Al-Zn-Mg-Cu_001,Al-Zn-Mg-Cu,2022,,,,,,,,,,,,,,
Al-Zn-Mg-Cu_001,Al-Zn-Mg-Cu,2022,,,,,,,,,,,,,,
Al-Zn-Mg-Cu_001,Al-Zn-Mg-Cu,2022,,,,,,,,,,,,,,
Al-Zn-Mg-Cu_001,Al-Zn-Mg-Cu,2022,,,,,,,,,,,,,,
Al-Zn-Mg-Cu_001,Al-Zn-Mg-Cu,2022,,,,,,,,,,,water-cooled copper casting,,,
Al-Zn-Mg-Cu_001,Al-Zn-Mg-Cu,2022,,,,,,,,,,,water-cooled copper casting,,,
Al-Zn-Mg-Cu_001,Al-Zn-Mg-Cu,2022,,,,,,,,,,,water-cooled copper casting (基于Section 6推测),,,
Al-Zn-Mg-Cu_001,Al-Zn-Mg-Cu,2022,,,,,,,,,,,,,,
Al-Zn-Mg-Cu_001,Al-Zn-Mg-Cu,2022,,,,,,,,,,,,,,
Al-Zn-Mg-Cu_001,Al-Zn-Mg-Cu,2022,,,,,,,,,,,,,,
Al-Zn-Mg-Cu_001,Al-Zn-Mg-Cu,2022,,,,,,,,,,,,,,
Al-Zn-Mg-Cu_001,Al-Zn-Mg-Cu,2022,,,,,,,,,,,water-cooled copper casting,,,
Al-Zn-Mg-Cu_001,Al-Zn-Mg-Cu,2022,,,,,,,,,,,water-cooled copper casting,,,
Al-Zn-Mg-Cu_001,Al-Zn-Mg-Cu,2022,,,,,,,,,,,water-cooled copper casting (基于Section 6推测),,,
Al-Zn-Mg-Cu_001,Al-Zn-Mg-Cu,2022,,,,,,,,,,,,,,
Al-Zn-Mg-Cu_001,Al-Zn-Mg-Cu,2022,,,,,,,,,,,,,,
Al-Zn-Mg-Cu_001,Al-Zn-Mg-Cu,2022,,,,,,,,,,,,,,
Al-Zn-Mg-Cu_001,Al-Zn-Mg-Cu,2022,,,,,,,,,,,,,,
Al-Zn-Mg-Cu_001,Al-Zn-Mg-Cu,2022,,,,,,,,,,,water-cooled copper casting,,,
Al-Zn-Mg-Cu_001,Al-Zn-Mg-Cu,2022,,,,,,,,,,,water-cooled copper casting,,,
Al-Zn-Mg-Cu_001,Al-Zn-Mg-Cu,2022,,,,,,,,,,,water-cooled copper casting (基于Section 6推测),,,
Al-Zn-Mg-Cu_001,Al-Zn-Mg-Cu,2022,,,,,,,,,,,,,,
Al-Zn-Mg-Cu_001,Al-Zn-Mg-Cu,2022,,,,,,,,,,,,,,
Al-Zn-Mg-Cu_001,Al-Zn-Mg-Cu,2022,,,,,,,,,,,,,,
Al-Zn-Mg-Cu_001,Al-Zn-Mg-Cu,2022,,,,,,,,,,,,,,
Al-Zn-Mg-Cu_001,Al-Zn-Mg-Cu,2022,,,,,,,,,,,water-cooled copper casting,,,
Al-Zn-Mg-Cu_001,Al-Zn-Mg-Cu,2022,,,,,,,,,,,water-cooled copper casting,,,
Al-Zn-Mg-Cu_001,Al-Zn-Mg-Cu,2022,,,,,,,,,,,water-cooled copper casting (基于Section 6推测),,,
Al-Zn-Mg-Cu_001,Al-Zn-Mg-Cu,2022,,,,,,,,,,,,,,
Al-Zn-Mg-Cu_001,Al-Zn-Mg-Cu,2022,,,,,,,,,,,,,,
Al-Zn-Mg-Cu_001,Al-Zn-Mg-Cu,2022,,,,,,,,,,,,,,
Al-Zn-Mg-Cu_001,Al-Zn-Mg-Cu,2022,,,,,,,,,,,,,,
Al-Zn-Mg-Cu_001,Al-Zn-Mg-Cu,2022,,,,,,,,,,,water-cooled copper casting,,,
Al-Zn-Mg-Cu_001,Al-Zn-Mg-Cu,2022,,,,,,,,,,,water-cooled copper casting,,,
Al-Zn-Mg-Cu_001,Al-Zn-Mg-Cu,2022,,,,,,,,,,,water-cooled copper casting (基于Section 6推测),,,
Al-Zn-Mg-Cu_001,Al-Zn-Mg-Cu,2022,,,,,,,,,,,,,,
Al-Zn-Mg-Cu_001,Al-Zn-Mg-Cu,2022,,,,,,,,,,,,,,
Al-Zn-Mg-Cu_001,Al-Zn-Mg-Cu,2022,,,,,,,,,,,,,,
Al-Zn-Mg-Cu_001,Al-Zn-Mg-Cu,2022,,,,,,,,,,,,,,
Al-Zn-Mg-Cu_001,Al-Zn-Mg-Cu,2022,,,,,,,,,,,water-cooled copper casting,,,
Al-Zn-Mg-Cu_001,Al-Zn-Mg-Cu,2022,,,,,,,,,,,water-cooled copper casting,,,
Al-Zn-Mg-Cu_001,Al-Zn-Mg-Cu,2022,,,,,,,,,,,water-cooled copper casting (基于Section 6推测),,,
Al-Zn-Mg-Cu_001,Al-Zn-Mg-Cu,2022,,,,,,,,,,,,,,
Al-Zn-Mg-Cu_001,Al-Zn-Mg-Cu,2022,,,,,,,,,,,,,,
Al-Zn-Mg-Cu_001,Al-Zn-Mg-Cu,2022,,,,,,,,,,,,,,
Al-Zn-Mg-Cu_001,Al-Zn-Mg-Cu,2022,,,,,,,,,,,,,,
Al-Zn-Mg-Cu_001,Al-Zn-Mg-Cu,2022,,,,,,,,,,,water-cooled copper casting,,,
Al-Zn-Mg-Cu_001,Al-Zn-Mg-Cu,2022,,,,,,,,,,,water-cooled copper casting,,,
Al-Zn-Mg-Cu_001,Al-Zn-Mg-Cu,2022,,,,,,,,,,,water-cooled copper casting (基于Section 6推测),,,
Al-Zn-Mg-Cu_001,Al-Zn-Mg-Cu,2022,,,,,,,,,,,,,,
Al-Zn-Mg-Cu_001,Al-Zn-Mg-Cu,2022,,,,,,,,,,,,,,
Al-Zn-Mg-Cu_001,Al-Zn-Mg-Cu,2022,,,,,,,,,,,,,,
Al-Zn-Mg-Cu_001,Al-Zn-Mg-Cu,2022,,,,,,,,,,,,,,
Al-Zn-Mg-Cu_001,Al-Zn-Mg-Cu,2022,,,,,,,,,,,water-cooled copper casting,,,
Al-Zn-Mg-Cu_001,Al-Zn-Mg-Cu,2022,,,,,,,,,,,water-cooled copper casting,,,
Al-Zn-Mg-Cu_001,Al-Zn-Mg-Cu,2022,,,,,,,,,,,water-cooled copper casting (基于Section 6推测),,,
Al-Zn-Mg-Cu_001,Al-Zn-Mg-Cu,2022,,,,,,,,,,,,,,
Al-Zn-Mg-Cu_001,Al-Zn-Mg-Cu,2022,,,,,,,,,,,,,,
Al-Zn-Mg-Cu_001,Al-Zn-Mg-Cu,2022,,,,,,,,,,,,,,
Al-Zn-Mg-Cu_001,Al-Zn-Mg-Cu,2022,,,,,,,,,,,,,,
Al-Zn-Mg-Cu_001,Al-Zn-Mg-Cu,2022,,,,,,,,,,,water-cooled copper casting,,,
Al-Zn-Mg-Cu_001,Al-Zn-Mg-Cu,2022,,,,,,,,,,,water-cooled copper casting,,,
Al-Zn-Mg-Cu_001,Al-Zn-Mg-Cu,2022,,,,,,,,,,,water-cooled copper casting (基于Section 6推测),,,
Al-Zn-Mg-Cu_001,Al-Zn-Mg-Cu,2022,,,,,,,,,,,,,,
Al-Zn-Mg-Cu_001,Al-Zn-Mg-Cu,2022,,,,,,,,,,,,,,
Al-Zn-Mg-Cu_001,Al-Zn-Mg-Cu,2022,,,,,,,,,,,,,,
Al-Zn-Mg-Cu_001,Al-Zn-Mg-Cu,2022,,,,,,,,,,,,,,
Al-Zn-Mg-Cu_001,Al-Zn-Mg-Cu,2022,,,,,,,,,,,water-cooled copper casting,,,
Al-Zn-Mg-Cu_001,Al-Zn-Mg-Cu,2022,,,,,,,,,,,water-cooled copper casting,,,
Al-Zn-Mg-Cu_001,Al-Zn-Mg-Cu,2022,,,,,,,,,,,water-cooled copper casting (基于Section 6推测),,,
Al-Zn-Mg-Cu_001,Al-Zn-Mg-Cu,2022,,,,,,,,,,,,,,
Al-Zn-Mg-Cu_001,Al-Zn-Mg-Cu,2022,,,,,,,,,,,,,,
Al-Zn-Mg-Cu_001,Al-Zn-Mg-Cu,2022,,,,,,,,,,,,,,
Al-Zn-Mg-Cu_001,Al-Zn-Mg-Cu,2022,,,,,,,,,,,,,,
Al-Zn-Mg-Cu_001,Al-Zn-Mg-Cu,2022,,,,,,,,,,,water-cooled copper casting,,,
Al-Zn-Mg-Cu_001,Al-Zn-Mg-Cu,2022,,,,,,,,,,,water-cooled copper casting,,,
Al-Zn-Mg-Cu_001,Al-Zn-Mg-Cu,2022,,,,,,,,,,,water-cooled copper casting (基于Section 6推测),,,
Al-Zn-Mg-Cu_001,Al-Zn-Mg-Cu,2022,,,,,,,,,,,,,,
Al-Zn-Mg-Cu_001,Al-Zn-Mg-Cu,2022,,,,,,,,,,,,,,
Al-Zn-Mg-Cu_001,Al-Zn-Mg-Cu,2022,,,,,,,,,,,,,,
Al-Zn-Mg-Cu_001,Al-Zn-Mg-Cu,2022,,,,,,,,,,,,,,
Al-Zn-Mg-Cu_001,Al-Zn-Mg-Cu,2022,,,,,,,,,,,water-cooled copper casting,,,
Al-Zn-Mg-Cu_001,Al-Zn-Mg-Cu,2022,,,,,,,,,,,water-cooled copper casting,,,
Al-Zn-Mg-Cu_001,Al-Zn-Mg-Cu,2022,,,,,,,,,,,water-cooled copper casting (基于Section 6推测),,,
Al-Zn-Mg-Cu_001,Al-Zn-Mg-Cu,2022,,,,,,,,,,,,,,
Al-Zn-Mg-Cu_001,Al-Zn-Mg-Cu,2022,,,,,,,,,,,,,,
Al-Zn-Mg-Cu_001,Al-Zn-Mg-Cu,2022,,,,,,,,,,,,,,
Al-Zn-Mg-Cu_001,Al-Zn-Mg-Cu,2022,,,,,,,,,,,,,,
Al-Zn-Mg-Cu_001,Al-Zn-Mg-Cu,2022,,,,,,,,,,,water-cooled copper casting,,,
Al-Zn-Mg-Cu_001,Al-Zn-Mg-Cu,2022,,,,,,,,,,,water-cooled copper casting,,,
Al-Zn-Mg-Cu_001,Al-Zn-Mg-Cu,2022,,,,,,,,,,,water-cooled copper casting (基于Section 6推测),,,
Al-Zn-Mg-Cu_001,Al-Zn-Mg-Cu,2022,,,,,,,,,,,,,,
Al-Zn-Mg-Cu_001,Al-Zn-Mg-Cu,2022,,,,,,,,,,,,,,
Al-Zn-Mg-Cu_001,Al-Zn-Mg-Cu,2022,,,,,,,,,,,,,,
Al-Zn-Mg-Cu_001,Al-Zn-Mg-Cu,2022,,,,,,,,,,,,,,
Al-Zn-Mg-Cu_001,Al-Zn-Mg-Cu,2022,,,,,,,,,,,water-cooled copper casting,,,
Al-Zn-Mg-Cu_001,Al-Zn-Mg-Cu,2022,,,,,,,,,,,water-cooled copper casting,,,
Al-Zn-Mg-Cu_001,Al-Zn-Mg-Cu,2022,,,,,,,,,,,water-cooled copper casting (基于Section 6推测),,,
Al-Zn-Mg-Cu_001,Al-Zn-Mg-Cu,2022,,,,,,,,,,,,,,
Al-Zn-Mg-Cu_001,Al-Zn-Mg-Cu,2022,,,,,,,,,,,,,,
Al-Zn-Mg-Cu_001,Al-Zn-Mg-Cu,2022,,,,,,,,,,,,,,
Al-Zn-Mg-Cu_001,Al-Zn-Mg-Cu,2022,,,,,,,,,,,,,,
Al-Zn-Mg-Cu_001,Al-Zn-Mg-Cu,2022,,,,,,,,,,,water-cooled copper casting,,,
Al-Zn-Mg-Cu_001,Al-Zn-Mg-Cu,2022,,,,,,,,,,,water-cooled copper casting,,,
Al-Zn-Mg-Cu_001,Al-Zn-Mg-Cu,2022,,,,,,,,,,,water-cooled copper casting (基于Section 6推测),,,
Al-Zn-Mg-Cu_001,Al-Zn-Mg-Cu,2022,,,,,,,,,,,,,,
Al-Zn-Mg-Cu_001,Al-Zn-Mg-Cu,2022,,,,,,,,,,,,,,
Al-Zn-Mg-Cu_001,Al-Zn-Mg-Cu,2022,,,,,,,,,,,,,,
Al-Zn-Mg-Cu_001,Al-Zn-Mg-Cu,2022,,,,,,,,,,,,,,
Al-Zn-Mg-Cu_001,Al-Zn-Mg-Cu,2022,,,,,,,,,,,water-cooled copper casting,,,
Al-Zn-Mg-Cu_001,Al-Zn-Mg-Cu,2022,,,,,,,,,,,water-cooled copper casting,,,
Al-Zn-Mg-Cu_001,Al-Zn-Mg-Cu,2022,,,,,,,,,,,water-cooled copper casting (基于Section 6推测),,,
Mg-Zn-La-Ca_001,Mg-Zn-La,2020,,,,,,,,,,,,,,
Mg-Zn-La-Ca_001,Mg-Zn-La,2020,,,,,,,,,,,,,,
Mg-Zn-La-Ca_001,Mg-Zn-La,2020,,,,,,,,,,,,,,
Mg-Zn-La-Ca_001,Mg-Zn-La,2020,,,,,,,,,,,,,,
Mg-Zn-La-Ca_001,Mg-Zn-La,2020,,,,,,,,,,,,,,
Mg-Zn-La-Ca_001,Mg-Zn-La,2020,,,,,,,,,,,,,,
Mg-Zn-La-Ca_001,Mg-Zn-La,2020,,,,,,,,,,,,,,
Mg-Zn-La-Ca_001,Mg-Zn-La,2020,,,,,,,,,,,,,,
Mg-Zn-La-Ca_001,Mg-Zn-La,2020,,,,,,,,,,,,,,
Mg-Zn-La-Ca_001,Mg-Zn-La,2020,,,,,,,,,,,,,,
Mg-Zn-La-Ca_001,Mg-Zn-La,2020,,,,,,,,,,,,,,
Mg-Zn-La-Ca_001,Mg-Zn-La,2020,,,,,,,,,,,,,,
Mg-Zn-La-Ca_001,Mg-Zn-La,2020,,,,,,,,,,,,,,
Mg-Zn-La-Ca_001,Mg-Zn-La,2020,,,,,,,,,,,,,,
Mg-Zn-La-Ca_001,Mg-Zn-La,2020,,,,,,,,,,,,,,
Mg-Zn-La-Ca_001,Mg-Zn-La,2020,,,,,,,,,,,,,,
Mg-Zn-La-Ca_001,Mg-Zn-La,2020,,,,,,,,,,,,,,
Mg-Zn-La-Ca_001,Mg-Zn-La,2020,,,,,,,,,,,,,,
Mg-Zn-La-Ca_001,Mg-Zn-La,2020,,,,,,,,,,,,,,
Mg-Zn-La-Ca_001,Mg-Zn-La,2020,,,,,,,,,,,,,,
Mg-Zn-La-Ca_001,Mg-Zn-La,2020,,,,,,,,,,,,,,
Mg-Zn-La-Ca_001,Mg-Zn-La,2020,,,,,,,,,,,,,,
Mg-Zn-La-Ca_001,Mg-Zn-La,2020,,,,,,,,,,,,,,
Mg-Zn-La-Ca_001,Mg-Zn-La,2020,,,,,,,,,,,,,,
Mg-Zn-La-Ca_001,Mg-Zn-La,2020,,,,,,,,,,,,,,
Mg-Zn-La-Ca_001,Mg-Zn-La,2020,,,,,,,,,,,,,,
Mg-Zn-La-Ca_001,Mg-Zn-La,2020,,,,,,,,,,,,,,
Mg-Zn-La-Ca_001,Mg-Zn-La,2020,,,,,,,,,,,,,,
Mg-Zn-La-Ca_001,Mg-Zn-La,2020,,,,,,,,,,,,,,
Mg-Zn-La-Ca_001,Mg-Zn-La,2020,,,,,,,,,,,,,,
Mg-Zn-La-Ca_001,Mg-Zn-La,2020,,,,,,,,,,,,,,
Mg-Zn-La-Ca_001,Mg-Zn-La,2020,,,,,,,,,,,,,,
Mg-Zn-La-Ca_001,Mg-Zn-La,2020,,,,,,,,,,,,,,
Mg-Zn-La-Ca_001,Mg-Zn-La,2020,,,,,,,,,,,,,,
Mg-Zn-La-Ca_001,Mg-Zn-La,2020,,,,,,,,,,,,,,
Mg-Zn-La-Ca_001,Mg-Zn-La,2020,,,,,,,,,,,,,,
Mg-Zn-La-Ca_001,Mg-Zn-La,2020,,,,,,,,,,,,,,
Mg-Zn-La-Ca_001,Mg-Zn-La,2020,,,,,,,,,,,,,,
Mg-Zn-La-Ca_001,Mg-Zn-La,2020,,,,,,,,,,,,,,
Mg-Zn-La-Ca_001,Mg-Zn-La,2020,,,,,,,,,,,,,,
Mg-Zn-La-Ca_001,Mg-Zn-La,2020,,,,,,,,,,,,,,
Mg-Zn-La-Ca_001,Mg-Zn-La,2020,,,,,,,,,,,,,,
Mg-Zn-La-Ca_001,Mg-Zn-La,2020,,,,,,,,,,,,,,
Mg-Zn-La-Ca_001,Mg-Zn-La,2020,,,,,,,,,,,,,,
Mg-Zn-La-Ca_001,Mg-Zn-La,2020,,,,,,,,,,,,,,
Mg-Zn-La-Ca_001,Mg-Zn-La,2020,,,,,,,,,,,,,,
Mg-Zn-La-Ca_001,Mg-Zn-La,2020,,,,,,,,,,,,,,
Mg-Zn-La-Ca_001,Mg-Zn-La,2020,,,,,,,,,,,,,,
Mg-Zn-La-Ca_001,Mg-Zn-La,2020,,,,,,,,,,,,,,
Mg-Zn-La-Ca_001,Mg-Zn-La,2020,,,,,,,,,,,,,,
Mg-Zn-La-Ca_001,Mg-Zn-La,2020,,,,,,,,,,,,,,
Mg-Zn-La-Ca_001,Mg-Zn-La,2020,,,,,,,,,,,,,,
Mg-Zn-La-Ca_001,Mg-Zn-La,2020,,,,,,,,,,,,,,
Mg-Zn-La-Ca_001,Mg-Zn-La,2020,,,,,,,,,,,,,,
Mg-Zn-La-Ca_001,Mg-Zn-La,2020,,,,,,,,,,,,,,
Mg-Zn-La-Ca_001,Mg-Zn-La,2020,,,,,,,,,,,,,,
Mg-Zn-La-Ca_001,Mg-Zn-La,2020,,,,,,,,,,,,,,
Mg-Zn-La-Ca_001,Mg-Zn-La,2020,,,,,,,,,,,,,,
Mg-Zn-La-Ca_001,Mg-Zn-La,2020,,,,,,,,,,,,,,
Mg-Zn-La-Ca_001,Mg-Zn-La,2020,,,,,,,,,,,,,,
Mg-Zn-La-Ca_001,Mg-Zn-La,2020,,,,,,,,,,,,,,
Mg-Zn-La-Ca_001,Mg-Zn-La,2020,,,,,,,,,,,,,,
Mg-Zn-La-Ca_001,Mg-Zn-La,2020,,,,,,,,,,,,,,
Mg-Zn-La-Ca_001,Mg-Zn-La,2020,,,,,,,,,,,,,,
Mg-Zn-La-Ca_001,Mg-Zn-La,2020,,,,,,,,,,,,,,
Mg-Zn-La-Ca_001,Mg-Zn-La,2020,,,,,,,,,,,,,,
Mg-Zn-La-Ca_001,Mg-Zn-La,2020,,,,,,,,,,,,,,
Mg-Zn-La-Ca_001,Mg-Zn-La,2020,,,,,,,,,,,,,,
Mg-Zn-La-Ca_001,Mg-Zn-La,2020,,,,,,,,,,,,,,
Mg-Zn-La-Ca_001,Mg-Zn-La,2020,,,,,,,,,,,,,,
Mg-Zn-La-Ca_001,Mg-Zn-La,2020,,,,,,,,,,,,,,
Mg-Zn-La-Ca_001,Mg-Zn-La,2020,,,,,,,,,,,,,,
Mg-Zn-La-Ca_001,Mg-Zn-La,2020,,,,,,,,,,,,,,
Mg-Zn-La-Ca_001,Mg-Zn-La,2020,,,,,,,,,,,,,,
Mg-Zn-La-Ca_001,Mg-Zn-La,2020,,,,,,,,,,,,,,
Mg-Zn-La-Ca_001,Mg-Zn-La,2020,,,,,,,,,,,,,,
Mg-Zn-La-Ca_001,Mg-Zn-La,2020,,,,,,,,,,,,,,
Mg-Zn-La-Ca_001,Mg-Zn-La,2020,,,,,,,,,,,,,,
Mg-Zn-La-Ca_001,Mg-Zn-La,2020,,,,,,,,,,,,,,
Mg-Zn-La-Ca_001,Mg-Zn-La,2020,,,,,,,,,,,,,,
Mg-Zn-La-Ca_001,Mg-Zn-La,2020,,,,,,,,,,,,,,
Mg-Zn-La-Ca_001,Mg-Zn-La,2020,,,,,,,,,,,,,,
Mg-Zn-La-Ca_001,Mg-Zn-La,2020,,,,,,,,,,,,,,
Mg-Zn-La-Ca_001,Mg-Zn-La,2020,,,,,,,,,,,,,,
Mg-Zn-La-Ca_001,Mg-Zn-La,2020,,,,,,,,,,,,,,
Mg-Zn-La-Ca_001,Mg-Zn-La,2020,,,,,,,,,,,,,,
Mg-Zn-La-Ca_001,Mg-Zn-La,2020,,,,,,,,,,,,,,
Mg-Zn-La-Ca_001,Mg-Zn-La,2020,,,,,,,,,,,,,,
Mg-Zn-La-Ca_001,Mg-Zn-La,2020,,,,,,,,,,,,,,
Mg-Zn-La-Ca_001,Mg-Zn-La,2020,,,,,,,,,,,,,,
Mg-Zn-La-Ca_001,Mg-Zn-La,2020,,,,,,,,,,,,,,
Mg-Zn-La-Ca_001,Mg-Zn-La,2020,,,,,,,,,,,,,,
Mg-Zn-La-Ca_001,Mg-Zn-La,2020,,,,,,,,,,,,,,
Mg-Zn-La-Ca_001,Mg-Zn-La,2020,,,,,,,,,,,,,,
Mg-Zn-La-Ca_001,Mg-Zn-La,2020,,,,,,,,,,,,,,
Mg-Zn-La-Ca_001,Mg-Zn-La,2020,,,,,,,,,,,,,,
Mg-Zn-La-Ca_001,Mg-Zn-La,2020,,,,,,,,,,,,,,
Mg-Zn-La-Ca_001,Mg-Zn-La,2020,,,,,,,,,,,,,,
Mg-Zn-La-Ca_001,Mg-Zn-La,2020,,,,,,,,,,,,,,
Mg-Zn-La-Ca_001,Mg-Zn-La,2020,,,,,,,,,,,,,,
Mg-Zn-La-Ca_001,Mg-Zn-La,2020,,,,,,,,,,,,,,
Mg-Zn-La-Ca_001,Mg-Zn-La,2020,,,,,,,,,,,,,,
Mg-Zn-La-Ca_001,Mg-Zn-La,2020,,,,,,,,,,,,,,
Mg-Zn-La-Ca_001,Mg-Zn-La,2020,,,,,,,,,,,,,,
Mg-Zn-La-Ca_001,Mg-Zn-La,2020,,,,,,,,,,,,,,
Mg-Zn-La-Ca_001,Mg-Zn-La,2020,,,,,,,,,,,,,,
Mg-Zn-La-Ca_001,Mg-Zn-La,2020,,,,,,,,,,,,,,
Mg-Zn-La-Ca_001,Mg-Zn-La,2020,,,,,,,,,,,,,,
Mg-Zn-La-Ca_001,Mg-Zn-La,2020,,,,,,,,,,,,,,
Mg-Zn-La-Ca_001,Mg-Zn-La,2020,,,,,,,,,,,,,,
Mg-Zn-La-Ca_001,Mg-Zn-La,2020,,,,,,,,,,,,,,
Mg-Zn-La-Ca_001,Mg-Zn-La,2020,,,,,,,,,,,,,,
Mg-Zn-La-Ca_001,Mg-Zn-La,2020,,,,,,,,,,,,,,
Mg-Zn-La-Ca_001,Mg-Zn-La,2020,,,,,,,,,,,,,,
Mg-Zn-La-Ca_001,Mg-Zn-La,2020,,,,,,,,,,,,,,
Mg-Zn-La-Ca_001,Mg-Zn-La,2020,,,,,,,,,,,,,,
Mg-Zn-La-Ca_001,Mg-Zn-La,2020,,,,,,,,,,,,,,
Mg-Zn-La-Ca_001,Mg-Zn-La,2020,,,,,,,,,,,,,,
Mg-Zn-La-Ca_001,Mg-Zn-La,2020,,,,,,,,,,,,,,
Mg-Zn-La-Ca_001,Mg-Zn-La,2020,,,,,,,,,,,,,,
Mg-Zn-La-Ca_001,Mg-Zn-La,2020,,,,,,,,,,,,,,
Mg-Zn-La-Ca_001,Mg-Zn-La,2020,,,,,,,,,,,,,,
Mg-Zn-La-Ca_001,Mg-Zn-La,2020,,,,,,,,,,,,,,
Mg-Zn-La-Ca_001,Mg-Zn-La,2020,,,,,,,,,,,,,,
Mg-Zn-La-Ca_001,Mg-Zn-La,2020,,,,,,,,,,,,,,
Mg-Zn-La-Ca_001,Mg-Zn-La,2020,,,,,,,,,,,,,,
Mg-Zn-La-Ca_001,Mg-Zn-La,2020,,,,,,,,,,,,,,
Mg-Zn-La-Ca_001,Mg-Zn-La,2020,,,,,,,,,,,,,,
Mg-Zn-La-Ca_001,Mg-Zn-La,2020,,,,,,,,,,,,,,
Mg-Zn-La-Ca_001,Mg-Zn-La,2020,,,,,,,,,,,,,,
Mg-Zn-La-Ca_001,Mg-Zn-La,2020,,,,,,,,,,,,,,
Mg-Zn-La-Ca_001,Mg-Zn-La,2020,,,,,,,,,,,,,,
Mg-Zn-La-Ca_001,Mg-Zn-La,2020,,,,,,,,,,,,,,
Mg-Zn-La-Ca_001,Mg-Zn-La,2020,,,,,,,,,,,,,,
Mg-Zn-La-Ca_001,Mg-Zn-La,2020,,,,,,,,,,,,,,
Mg-Zn-La-Ca_001,Mg-Zn-La,2020,,,,,,,,,,,,,,
Mg-Zn-La-Ca_001,Mg-Zn-La,2020,,,,,,,,,,,,,,
Mg-Zn-La-Ca_001,Mg-Zn-La,2020,,,,,,,,,,,,,,
Mg-Zn-La-Ca_001,Mg-Zn-La,2020,,,,,,,,,,,,,,
Mg-Zn-La-Ca_001,Mg-Zn-La,2020,,,,,,,,,,,,,,
Mg-Zn-La-Ca_001,Mg-Zn-La,2020,,,,,,,,,,,,,,
Mg-Zn-La-Ca_001,Mg-Zn-La,2020,,,,,,,,,,,,,,
Mg-Zn-La-Ca_001,Mg-Zn-La,2020,,,,,,,,,,,,,,
Mg-Zn-La-Ca_001,Mg-Zn-La,2020,,,,,,,,,,,,,,
Mg-Zn-La-Ca_001,Mg-Zn-La,2020,,,,,,,,,,,,,,
Mg-Zn-La-Ca_001,Mg-Zn-La,2020,,,,,,,,,,,,,,
Mg-Zn-La-Ca_001,Mg-Zn-La,2020,,,,,,,,,,,,,,
Mg-Zn-La-Ca_001,Mg-Zn-La,2020,,,,,,,,,,,,,,
Mg-Zn-La-Ca_001,Mg-Zn-La,2020,,,,,,,,,,,,,,
Mg-Zn-La-Ca_001,Mg-Zn-La,2020,,,,,,,,,,,,,,
Mg-Zn-La-Ca_001,Mg-Zn-La,2020,,,,,,,,,,,,,,
Mg-Zn-La-Ca_001,Mg-Zn-La,2020,,,,,,,,,,,,,,
Mg-Zn-La-Ca_001,Mg-Zn-La,2020,,,,,,,,,,,,,,
Mg-Zn-La-Ca_001,Mg-Zn-La,2020,,,,,,,,,,,,,,
Mg-Zn-La-Ca_001,Mg-Zn-La,2020,,,,,,,,,,,,,,
Mg-Zn-La-Ca_001,Mg-Zn-La,2020,,,,,,,,,,,,,,
Mg-Zn-La-Ca_001,Mg-Zn-La,2020,,,,,,,,,,,,,,
Mg-Zn-La-Ca_001,Mg-Zn-La,2020,,,,,,,,,,,,,,
Mg-Zn-La-Ca_001,Mg-Zn-La,2020,,,,,,,,,,,,,,
Mg-Zn-La-Ca_001,Mg-Zn-La,2020,,,,,,,,,,,,,,
Mg-Zn-La-Ca_001,Mg-Zn-La,2020,,,,,,,,,,,,,,
Mg-Zn-La-Ca_001,Mg-Zn-La,2020,,,,,,,,,,,,,,
Mg-Zn-La-Ca_001,Mg-Zn-La,2020,,,,,,,,,,,,,,
Mg-Zn-La-Ca_001,Mg-Zn-La,2020,,,,,,,,,,,,,,
Mg-Zn-La-Ca_001,Mg-Zn-La,2020,,,,,,,,,,,,,,
Mg-Zn-La-Ca_001,Mg-Zn-La,2020,,,,,,,,,,,,,,
Mg-Zn-La-Ca_001,Mg-Zn-La,2020,,,,,,,,,,,,,,
Mg-Zn-La-Ca_001,Mg-Zn-La,2020,,,,,,,,,,,,,,
Mg-Zn-La-Ca_001,Mg-Zn-La,2020,,,,,,,,,,,,,,
Mg-Zn-La-Ca_001,Mg-Zn-La,2020,,,,,,,,,,,,,,
Mg-Zn-La-Ca_001,Mg-Zn-La,2020,,,,,,,,,,,,,,
Mg-Zn-La-Ca_001,Mg-Zn-La,2020,,,,,,,,,,,,,,
Mg-Zn-La-Ca_001,Mg-Zn-La,2020,,,,,,,,,,,,,,
Mg-Zn-La-Ca_001,Mg-Zn-La,2020,,,,,,,,,,,,,,
Mg-Zn-La-Ca_001,Mg-Zn-La,2020,,,,,,,,,,,,,,
Mg-Zn-La-Ca_001,Mg-Zn-La,2020,,,,,,,,,,,,,,
Mg-Zn-La-Ca_001,Mg-Zn-La,2020,,,,,,,,,,,,,,
Mg-Zn-La-Ca_001,Mg-Zn-La,2020,,,,,,,,,,,,,,
Mg-Zn-La-Ca_001,Mg-Zn-La,2020,,,,,,,,,,,,,,
Mg-Zn-La-Ca_001,Mg-Zn-La,2020,,,,,,,,,,,,,,
Mg-Zn-La-Ca_001,Mg-Zn-La,2020,,,,,,,,,,,,,,
Mg-Zn-La-Ca_001,Mg-Zn-La,2020,,,,,,,,,,,,,,
Mg-Zn-La-Ca_001,Mg-Zn-La,2020,,,,,,,,,,,,,,
Mg-Zn-La-Ca_001,Mg-Zn-La,2020,,,,,,,,,,,,,,
Mg-Zn-La-Ca_001,Mg-Zn-La,2020,,,,,,,,,,,,,,
Mg-Zn-La-Ca_001,Mg-Zn-La,2020,,,,,,,,,,,,,,
Mg-Zn-La-Ca_001,Mg-Zn-La,2020,,,,,,,,,,,,,,
Mg-Zn-La-Ca_001,Mg-Zn-La,2020,,,,,,,,,,,,,,
Mg-Zn-La-Ca_001,Mg-Zn-La,2020,,,,,,,,,,,,,,
Mg-Zn-La-Ca_001,Mg-Zn-La,2020,,,,,,,,,,,,,,
Mg-Zn-La-Ca_001,Mg-Zn-La,2020,,,,,,,,,,,,,,
Mg-Zn-La-Ca_001,Mg-Zn-La,2020,,,,,,,,,,,,,,
Mg-Zn-La-Ca_001,Mg-Zn-La,2020,,,,,,,,,,,,,,
Mg-Zn-La-Ca_001,Mg-Zn-La,2020,,,,,,,,,,,,,,
Mg-Zn-La-Ca_001,Mg-Zn-La,2020,,,,,,,,,,,,,,
Mg-Zn-La-Ca_001,Mg-Zn-La,2020,,,,,,,,,,,,,,
Mg-Zn-La-Ca_001,Mg-Zn-La,2020,,,,,,,,,,,,,,
Mg-Zn-La-Ca_001,Mg-Zn-La,2020,,,,,,,,,,,,,,
Mg-Zn-La-Ca_001,Mg-Zn-La,2020,,,,,,,,,,,,,,
Mg-Zn-La-Ca_001,Mg-Zn-La,2020,,,,,,,,,,,,,,
